shiptype,length,breadth,draught,longtitude,latitude,sog,cog,th,tss
71,151,23,8.3,9.0,38.42,10.0,218.5,222,1
71,151,23,8.3,9.0,38.42,11.4,222.4,230,1
71,151,23,8.3,9.01,38.42,12.2,232.8,239,1
71,151,23,8.3,9.01,38.42,13.1,240.3,243,1
71,151,23,8.3,9.02,38.42,14.2,244.7,248,1
71,151,23,8.3,9.02,38.41,15.8,246.5,248,1
71,151,23,8.3,9.03,38.41,16.3,245.5,247,1
71,151,23,8.3,9.03,38.41,16.5,245.9,247,1
71,151,23,8.3,9.04,38.41,16.7,245.6,247,1
71,151,23,8.3,9.05,38.41,16.7,246.6,248,1
71,151,23,8.3,9.05,38.4,16.8,246.6,248,1
71,151,23,8.3,9.06,38.4,16.9,246.6,248,1
71,151,23,8.3,9.06,38.4,17.0,246.9,248,1
71,151,23,8.3,9.07,38.4,17.0,246.9,248,1
71,151,23,8.3,9.07,38.4,17.0,246.9,248,1
71,151,23,8.3,9.08,38.39,17.0,247.3,248,1
71,151,23,8.3,9.09,38.39,17.1,247.3,248,1
71,151,23,8.3,9.09,38.39,17.0,247.6,248,1
71,151,23,8.3,9.1,38.39,17.0,248.0,248,1
71,151,23,8.3,9.1,38.39,17.0,248.0,248,1
71,151,23,8.3,9.11,38.38,17.0,248.3,248,1
71,151,23,8.3,9.11,38.38,17.0,248.0,248,1
71,151,23,8.3,9.12,38.38,17.0,248.0,248,1
71,151,23,8.3,9.12,38.38,16.9,248.3,248,1
71,151,23,8.3,9.13,38.38,16.9,248.0,248,1
71,151,23,8.3,9.14,38.38,16.9,248.0,248,1
71,151,23,8.3,9.14,38.37,16.9,247.6,248,1
71,151,23,8.3,9.15,38.37,16.8,248.3,248,1
71,151,23,8.3,9.15,38.37,16.8,248.0,248,1
71,151,23,8.3,9.16,38.37,16.8,247.3,248,1
71,151,23,8.3,9.16,38.37,16.8,247.6,248,1
71,151,23,8.3,9.17,38.36,16.8,247.3,248,1
71,151,23,8.3,9.18,38.36,16.8,248.0,248,1
71,151,23,8.3,9.18,38.36,16.9,248.0,248,1
71,151,23,8.3,9.19,38.36,16.7,251.2,254,1
71,151,23,8.3,9.19,38.36,16.6,252.5,256,1
71,151,23,8.3,9.2,38.36,16.4,257.8,261,1
71,151,23,8.3,9.2,38.36,16.4,261.2,263,1
71,151,23,8.3,9.21,38.36,16.4,266.2,268,1
71,151,23,8.3,9.22,38.36,16.4,267.5,270,1
71,151,23,8.3,9.22,38.36,16.3,271.8,274,1
71,151,23,8.3,9.23,38.36,16.2,275.6,276,1
71,151,23,8.3,9.24,38.36,16.1,278.4,282,1
71,151,23,8.3,9.24,38.36,15.9,288.9,295,1
71,151,23,8.3,9.25,38.36,15.9,299.1,301,1
71,151,23,8.3,9.25,38.36,16.2,298.5,300,1
71,151,23,8.3,9.26,38.36,16.5,298.2,300,1
71,151,23,8.3,9.26,38.37,16.6,298.2,300,1
71,151,23,8.3,9.27,38.37,16.7,298.9,302,1
71,151,23,8.3,9.27,38.37,16.6,300.9,302,1
71,151,23,8.3,9.28,38.37,16.7,299.9,302,1
71,151,23,8.3,9.28,38.38,16.7,300.6,302,1
71,151,23,8.3,9.29,38.38,16.8,301.3,302,1
71,151,23,8.3,9.29,38.38,16.8,300.2,302,1
71,151,23,8.3,9.3,38.38,16.8,300.6,302,1
71,151,23,8.3,9.3,38.39,16.7,300.9,302,1
71,151,23,8.3,9.31,38.39,16.6,299.9,302,1
71,151,23,8.3,9.32,38.39,16.7,300.2,302,1
71,151,23,8.3,9.32,38.39,16.8,300.6,302,1
71,151,23,8.3,9.33,38.4,16.9,299.9,302,1
71,151,23,8.3,9.33,38.4,16.9,300.3,302,1
71,151,23,8.3,9.34,38.4,16.8,299.9,302,1
71,151,23,8.3,9.34,38.4,16.7,300.2,302,1
71,151,23,8.3,9.35,38.41,16.7,299.9,302,1
71,151,23,8.3,9.35,38.41,16.7,300.2,302,1
71,151,23,8.3,9.36,38.41,16.7,299.9,302,1
71,151,23,8.3,9.36,38.41,16.8,299.9,302,1
71,151,23,8.3,9.37,38.42,16.7,299.5,302,1
71,151,23,8.3,9.37,38.42,16.6,299.5,302,1
71,151,23,8.3,9.38,38.42,16.7,299.2,302,1
71,151,23,8.3,9.39,38.42,16.7,299.5,302,1
71,151,23,8.3,9.39,38.43,16.7,299.9,302,1
71,151,23,8.3,9.4,38.43,16.7,297.9,300,1
71,151,23,8.3,9.4,38.43,16.8,298.6,301,1
71,151,23,8.3,9.41,38.43,16.8,300.5,305,1
71,151,23,8.3,9.41,38.44,16.4,306.7,312,1
71,151,23,8.3,9.42,38.44,16.2,315.3,320,1
71,151,23,8.3,9.42,38.44,16.2,317.8,320,1
71,151,23,8.3,9.42,38.45,16.2,317.5,320,1
71,151,23,8.3,9.43,38.45,16.1,317.8,320,1
71,151,23,8.3,9.43,38.45,16.1,317.5,320,1
71,151,23,8.3,9.44,38.46,16.1,317.5,320,1
71,151,23,8.3,9.44,38.46,16.0,316.7,320,1
71,151,23,8.3,9.44,38.46,15.9,317.8,320,1
71,151,23,8.3,9.45,38.47,16.1,317.5,320,1
71,151,23,8.3,9.45,38.47,16.1,318.2,320,1
71,151,23,8.3,9.46,38.47,16.0,318.2,320,1
71,151,23,8.3,9.46,38.48,16.0,318.2,319,1
71,151,23,8.3,9.46,38.48,15.9,314.8,317,1
71,151,23,8.3,9.47,38.48,15.9,311.2,312,1
71,151,23,8.3,9.47,38.49,16.0,306.0,306,1
71,151,23,8.3,9.48,38.49,16.1,297.5,300,1
71,151,23,8.3,9.49,38.49,16.1,297.8,300,1
71,151,23,8.3,9.49,38.49,15.8,297.8,300,1
71,151,23,8.3,9.5,38.5,15.8,298.1,300,1
71,151,23,8.3,9.5,38.5,15.8,298.1,300,1
71,151,23,8.3,9.5,38.5,15.8,298.1,300,1
71,151,23,8.3,9.51,38.5,15.8,297.4,300,1
71,151,23,8.3,9.51,38.5,15.7,297.8,300,1
71,151,23,8.3,9.52,38.51,15.8,298.1,300,1
71,151,23,8.3,9.52,38.51,15.7,297.8,300,1
71,151,23,8.3,9.53,38.51,15.7,297.8,300,1
71,151,23,8.3,9.53,38.51,15.7,298.1,300,1
71,151,23,8.3,9.54,38.51,15.7,297.8,300,1
71,151,23,8.3,9.54,38.52,15.5,298.5,300,1
71,151,23,8.3,9.55,38.52,15.6,299.2,300,1
71,151,23,8.3,9.55,38.52,15.6,297.7,300,1
71,151,23,8.3,9.56,38.52,15.7,297.8,300,1
71,151,23,8.3,9.56,38.52,15.7,297.4,300,1
71,151,23,8.3,9.57,38.53,15.6,296.3,300,1
71,151,23,8.3,9.57,38.53,15.6,295.9,300,1
71,151,23,8.3,9.58,38.53,15.6,296.6,300,1
71,151,23,8.3,9.58,38.53,15.6,296.3,300,1
71,151,23,8.3,9.59,38.53,15.6,295.6,300,1
71,151,23,8.3,9.59,38.54,15.6,297.4,300,1
71,151,23,8.3,9.6,38.54,15.6,297.0,300,1
71,151,23,8.3,9.61,38.54,15.6,297.4,300,1
71,151,23,8.3,9.61,38.54,15.5,296.1,300,1
71,151,23,8.3,9.62,38.55,15.4,296.6,300,1
71,151,23,8.3,9.62,38.55,15.2,296.9,300,1
71,151,23,8.3,9.63,38.55,15.4,296.2,300,1
71,151,23,8.3,9.63,38.55,15.5,296.3,300,1
71,151,23,8.3,9.64,38.55,15.3,297.7,300,1
71,151,23,8.3,9.64,38.56,15.2,296.9,300,1
71,151,23,8.3,9.65,38.56,15.4,297.3,300,1
71,151,23,8.3,9.65,38.56,15.4,298.1,300,1
71,151,23,8.3,9.66,38.56,15.6,296.3,300,1
71,151,23,8.3,9.66,38.56,15.7,297.4,300,1
71,151,23,8.3,9.67,38.57,15.5,298.1,300,1
71,151,23,8.3,9.67,38.57,15.5,297.7,300,1
71,151,23,8.3,9.68,38.57,15.6,296.6,300,1
71,151,23,8.3,9.68,38.57,15.5,297.7,300,1
71,151,23,8.3,9.69,38.57,15.5,296.6,300,1
71,151,23,8.3,9.69,38.58,15.4,297.7,300,1
71,151,23,8.3,9.7,38.58,15.5,297.4,300,1
71,151,23,8.3,9.7,38.58,15.5,296.3,300,1
71,151,23,8.3,9.71,38.58,15.5,296.6,300,1
71,151,23,8.3,9.71,38.58,15.5,297.0,300,1
71,151,23,8.3,9.72,38.59,15.4,297.7,300,1
71,151,23,8.3,9.72,38.59,15.3,297.7,300,1
71,151,23,8.3,9.73,38.59,15.4,297.3,300,1
71,151,23,8.3,9.73,38.59,15.5,297.0,300,1
71,151,23,8.3,9.74,38.59,15.4,296.2,300,1
71,151,23,8.3,9.74,38.6,15.3,297.0,300,1
71,151,23,8.3,9.75,38.6,15.2,296.6,300,1
71,151,23,8.3,9.75,38.6,15.4,297.7,300,1
71,151,23,8.3,9.76,38.6,15.2,295.8,300,1
71,151,23,8.3,9.76,38.6,15.2,296.9,300,1
71,151,23,8.3,9.77,38.61,15.2,297.7,300,1
71,151,23,8.3,9.77,38.61,15.2,296.2,300,1
71,151,23,8.3,9.78,38.61,15.2,296.9,300,1
71,151,23,8.3,9.78,38.61,15.1,299.9,303,1
71,151,23,8.3,9.79,38.62,15.0,302.5,306,1
71,151,23,8.3,9.79,38.62,15.0,305.9,309,1
71,151,23,8.3,9.8,38.62,15.0,309.8,314,1
71,151,23,8.3,9.8,38.62,14.9,318.5,322,1
71,151,23,8.3,9.8,38.63,14.9,324.6,327,1
71,151,23,8.3,9.81,38.63,15.0,330.7,333,1
71,151,23,8.3,9.81,38.63,15.0,338.8,343,1
71,151,23,8.3,9.81,38.64,15.0,348.7,348,1
71,151,23,8.3,9.81,38.64,15.0,348.7,348,1
71,151,23,8.3,9.81,38.64,15.3,349.1,348,1
71,151,23,8.3,9.81,38.65,15.4,348.3,348,1
71,151,23,8.3,9.81,38.65,15.6,348.3,348,1
71,151,23,8.3,9.82,38.66,15.7,348.0,348,1
71,151,23,8.3,9.82,38.66,15.7,348.3,348,1
71,151,23,8.3,9.82,38.67,15.6,348.7,348,1
71,151,23,8.3,9.82,38.67,15.7,348.7,348,1
71,151,23,8.3,9.82,38.68,15.7,348.0,348,1
71,151,23,8.3,9.82,38.68,15.8,348.3,348,1
71,151,23,8.3,9.82,38.68,15.8,349.4,348,1
71,151,23,8.3,9.82,38.69,15.8,349.0,348,1
71,151,23,8.3,9.82,38.69,15.8,349.8,348,1
71,151,23,8.3,9.83,38.7,16.0,349.0,348,1
71,151,23,8.3,9.83,38.7,15.8,349.0,348,1
71,151,23,8.3,9.83,38.71,15.8,349.4,348,1
71,151,23,8.3,9.83,38.71,15.8,348.0,348,1
71,151,23,8.3,9.83,38.72,15.8,351.5,353,1
71,151,23,8.3,9.83,38.72,15.8,356.3,356,1
71,151,23,8.3,9.83,38.73,15.8,356.0,356,1
71,151,23,8.3,9.83,38.73,15.8,356.0,356,1
71,151,23,8.3,9.83,38.74,15.8,356.0,356,1
71,151,23,8.3,9.83,38.74,15.8,356.0,356,1
71,151,23,8.3,9.83,38.75,15.8,356.7,356,1
71,151,23,8.3,9.83,38.75,15.8,356.3,356,1
71,151,23,8.3,9.83,38.75,15.8,356.2,357,1
71,151,23,8.3,9.83,38.76,15.6,356.2,357,1
71,151,23,8.3,9.83,38.76,15.6,356.6,357,1
71,151,23,8.3,9.83,38.77,15.6,357.5,359,1
71,151,23,8.3,9.83,38.77,15.6,357.5,359,1
71,151,23,8.3,9.84,38.77,15.8,359.0,359,1
71,151,23,8.3,9.84,38.78,15.9,359.0,359,1
71,151,23,8.3,9.84,38.78,15.8,358.2,359,1
71,151,23,8.3,9.84,38.79,16.0,359.0,359,1
71,151,23,8.3,9.84,38.79,15.9,359.0,359,1
71,151,23,8.3,9.84,38.8,16.0,359.0,359,1
71,151,23,8.3,9.84,38.8,16.0,359.7,359,1
71,151,23,8.3,9.84,38.81,16.0,359.3,359,1
71,151,23,8.3,9.84,38.81,16.0,358.6,359,1
71,151,23,8.3,9.84,38.82,16.0,359.0,359,1
71,151,23,8.3,9.84,38.82,16.0,357.9,359,1
71,151,23,8.3,9.84,38.83,16.0,358.2,359,1
71,151,23,8.3,9.84,38.83,16.0,358.2,359,1
71,151,23,8.3,9.84,38.84,15.9,358.6,359,1
71,151,23,8.3,9.84,38.84,15.9,358.6,359,1
71,151,23,8.3,9.84,38.84,15.9,358.6,359,1
71,151,23,8.3,9.84,38.85,15.9,359.0,1,1
71,151,23,8.3,9.84,38.85,15.9,359.0,1,1
71,151,23,8.3,9.84,38.85,16.0,359.3,0,1
71,151,23,8.3,9.84,38.86,16.1,0.3,0,1
71,151,23,8.3,9.84,38.86,16.1,359.3,0,1
71,151,23,8.3,9.84,38.87,16.1,359.7,0,1
71,151,23,8.3,9.84,38.87,15.9,359.0,0,1
71,151,23,8.3,9.84,38.88,16.0,359.3,0,1
71,151,23,8.3,9.84,38.88,16.0,359.7,0,1
71,151,23,8.3,9.84,38.89,15.9,358.6,0,1
71,151,23,8.3,9.84,38.89,15.9,359.3,0,1
71,151,23,8.3,9.84,38.9,15.8,359.0,0,1
71,151,23,8.3,9.84,38.9,15.8,359.0,0,1
71,151,23,8.3,9.84,38.91,15.8,358.6,0,1
71,151,23,8.3,9.84,38.91,15.7,359.0,0,1
71,151,23,8.3,9.84,38.92,15.6,0.0,0,1
71,151,23,8.3,9.84,38.92,15.6,358.9,0,1
71,151,23,8.3,9.84,38.92,15.5,358.2,0,1
71,151,23,8.3,9.84,38.93,15.7,0.0,0,1
71,151,23,8.3,9.84,38.93,15.7,359.3,0,1
71,151,23,8.3,9.84,38.94,15.7,359.0,0,1
71,151,23,8.3,9.84,38.94,15.8,358.5,1,1
71,151,23,8.3,9.84,38.95,15.9,0.6,1,1
71,151,23,8.3,9.84,38.95,15.9,0.6,1,1
71,151,23,8.3,9.84,38.96,15.7,359.6,1,1
71,151,23,8.3,9.84,38.96,15.9,0.2,1,1
71,151,23,8.3,9.84,38.97,15.9,0.0,1,1
71,151,23,8.3,9.84,38.97,16.0,358.9,1,1
71,151,23,8.3,9.84,38.98,15.8,359.6,1,1
71,151,23,8.3,9.84,38.98,15.9,359.2,1,1
71,151,23,8.3,9.84,38.98,15.9,359.2,1,1
71,151,23,8.3,9.84,38.99,15.7,359.2,1,1
71,151,23,8.3,9.84,38.99,15.7,359.6,1,1
71,151,23,8.3,9.84,39.0,15.7,358.9,1,1
71,151,23,8.3,9.84,39.01,15.8,358.9,1,1
71,151,23,8.3,9.84,39.02,15.8,359.6,1,1
71,151,23,8.3,9.84,39.02,15.7,359.2,1,1
71,151,23,8.3,9.84,39.03,15.8,359.2,1,1
71,151,23,8.3,9.84,39.03,15.7,359.6,1,1
71,151,23,8.3,9.84,39.03,15.8,359.6,1,1
71,151,23,8.3,9.84,39.04,15.7,359.6,1,1
71,151,23,8.3,9.84,39.04,15.6,358.4,2,1
71,151,23,8.3,9.84,39.05,15.6,359.8,2,1
71,151,23,8.3,9.84,39.05,15.7,359.9,2,1
71,151,23,8.3,9.84,39.06,15.5,2.5,4,1
71,151,23,8.3,9.84,39.06,15.4,3.2,4,1
71,151,23,8.3,9.84,39.07,15.3,2.1,4,1
71,151,23,8.3,9.84,39.07,15.5,2.1,4,1
71,151,23,8.3,9.84,39.07,15.6,2.1,4,1
71,151,23,8.3,9.84,39.08,15.6,2.1,4,1
71,151,23,8.3,9.84,39.08,15.7,2.5,4,1
71,151,23,8.3,9.84,39.09,15.6,2.8,4,1
71,151,23,8.3,9.84,39.09,15.5,2.5,4,1
71,151,23,8.3,9.84,39.1,15.6,2.8,4,1
71,151,23,8.3,9.84,39.1,15.6,2.5,4,1
71,151,23,8.3,9.84,39.11,15.7,3.6,4,1
71,151,23,8.3,9.84,39.11,15.6,2.1,4,1
71,151,23,8.3,9.84,39.11,15.6,3.2,4,1
71,151,23,8.3,9.84,39.12,15.6,3.2,4,1
71,151,23,8.3,9.84,39.12,15.7,2.9,4,1
71,151,23,8.3,9.84,39.13,15.7,2.5,4,1
71,151,23,8.3,9.84,39.13,15.7,2.5,4,1
71,151,23,8.3,9.83,39.14,15.7,2.9,4,1
71,151,23,8.3,9.83,39.14,15.7,2.1,4,1
71,151,23,8.3,9.83,39.15,15.9,3.2,4,1
71,151,23,8.3,9.83,39.15,15.7,3.2,4,1
71,151,23,8.3,9.83,39.16,15.8,2.9,4,1
71,151,23,8.3,9.83,39.16,15.8,3.2,4,1
71,151,23,8.3,9.83,39.17,15.9,0.2,1,1
71,151,23,8.3,9.83,39.17,15.9,0.2,1,1
71,151,23,8.3,9.83,39.18,15.9,1.0,1,1
71,151,23,8.3,9.83,39.18,15.9,0.2,1,1
71,151,23,8.3,9.83,39.18,16.0,0.6,1,1
71,151,23,8.3,9.83,39.19,15.6,359.9,1,1
71,151,23,8.3,9.83,39.19,15.8,0.2,1,1
71,151,23,8.3,9.83,39.2,15.6,359.9,1,1
71,151,23,8.3,9.83,39.2,15.7,0.2,1,1
71,151,23,8.3,9.83,39.21,15.8,359.6,1,1
79,151,23,8.2,16.76,56.14,15.8,235.0,235,1
79,151,23,8.2,16.76,56.14,15.7,234.2,235,1
79,151,23,8.2,16.75,56.14,15.7,234.6,235,1
79,151,23,8.2,16.74,56.13,15.8,234.6,235,1
79,151,23,8.2,16.74,56.13,15.8,234.2,235,1
79,151,23,8.2,16.73,56.13,15.8,234.2,235,1
79,151,23,8.2,16.72,56.13,15.7,234.6,235,1
79,151,23,8.2,16.72,56.12,15.8,234.6,235,1
79,151,23,8.2,16.71,56.12,15.8,235.3,235,1
79,151,23,8.2,16.7,56.12,15.7,234.6,235,1
79,151,23,8.2,16.7,56.12,15.7,234.2,235,1
79,151,23,8.2,16.69,56.11,15.7,234.6,235,1
79,151,23,8.2,16.68,56.11,15.8,234.6,235,1
79,151,23,8.2,16.68,56.11,15.9,234.9,236,1
79,151,23,8.2,16.67,56.11,15.8,234.2,235,1
79,151,23,8.2,16.66,56.1,15.7,235.8,238,1
79,151,23,8.2,16.66,56.1,15.6,236.6,237,1
79,151,23,8.2,16.65,56.1,15.6,235.8,237,1
79,151,23,8.2,16.64,56.1,15.7,236.6,237,1
79,151,23,8.2,16.64,56.09,15.7,236.6,237,1
79,151,23,8.2,16.63,56.09,15.7,235.9,237,1
79,151,23,8.2,16.62,56.09,15.7,235.6,236,1
79,151,23,8.2,16.62,56.09,15.7,235.5,237,1
79,151,23,8.2,16.61,56.08,15.6,235.5,237,1
79,151,23,8.2,16.61,56.08,15.7,235.9,237,1
79,151,23,8.2,16.6,56.08,15.7,235.9,237,1
79,151,23,8.2,16.59,56.08,15.7,235.9,237,1
79,151,23,8.2,16.58,56.07,15.7,236.2,237,1
79,151,23,8.2,16.58,56.07,15.7,238.5,240,1
79,151,23,8.2,16.57,56.07,15.8,238.9,240,1
79,151,23,8.2,16.56,56.07,15.9,238.9,240,1
79,151,23,8.2,16.56,56.06,15.8,240.0,240,1
79,151,23,8.2,16.55,56.06,15.9,240.6,241,1
79,151,23,8.2,16.54,56.06,15.9,239.9,241,1
79,151,23,8.2,16.54,56.06,15.9,239.9,241,1
79,151,23,8.2,16.53,56.06,15.9,239.9,241,1
79,151,23,8.2,16.52,56.05,16.0,241.0,241,1
79,151,23,8.2,16.51,56.05,16.0,238.2,240,1
79,151,23,8.2,16.51,56.05,15.9,239.2,240,1
79,151,23,8.2,16.5,56.05,15.9,238.9,240,1
79,151,23,8.2,16.49,56.04,16.0,239.2,240,1
79,151,23,8.2,16.49,56.04,15.9,239.2,240,1
79,151,23,8.2,16.48,56.04,15.9,238.9,240,1
79,151,23,8.2,16.47,56.04,15.9,239.5,241,1
79,151,23,8.2,16.47,56.03,15.9,239.5,241,1
79,151,23,8.2,16.46,56.03,15.9,239.9,241,1
79,151,23,8.2,16.45,56.03,16.0,240.2,241,1
79,151,23,8.2,16.45,56.03,15.9,240.2,241,1
79,151,23,8.2,16.44,56.03,15.9,239.9,241,1
79,151,23,8.2,16.43,56.02,16.0,240.6,241,1
79,151,23,8.2,16.43,56.02,16.0,239.9,241,1
79,151,23,8.2,16.42,56.02,16.1,239.5,241,1
79,151,23,8.2,16.41,56.02,16.1,240.2,241,1
79,151,23,8.2,16.4,56.01,16.0,240.2,241,1
79,151,23,8.2,16.4,56.01,16.0,240.6,241,1
79,151,23,8.2,16.39,56.01,16.0,239.9,241,1
79,151,23,8.2,16.38,56.01,15.9,240.6,241,1
79,151,23,8.2,16.38,56.01,16.0,240.2,241,1
79,151,23,8.2,16.37,56.0,16.0,240.6,241,1
79,151,23,8.2,16.36,56.0,15.9,240.6,241,1
79,151,23,8.2,16.36,56.0,15.8,241.3,241,1
79,151,23,8.2,16.35,56.0,15.8,240.6,241,1
79,151,23,8.2,16.34,55.99,15.8,239.9,241,1
79,151,23,8.2,16.33,55.99,15.9,241.3,241,1
79,151,23,8.2,16.33,55.99,15.9,240.6,241,1
79,151,23,8.2,16.32,55.99,16.0,241.0,241,1
79,151,23,8.2,16.31,55.99,16.0,241.3,241,1
79,151,23,8.2,16.31,55.98,16.0,240.6,241,1
79,151,23,8.2,16.3,55.98,16.1,240.2,241,1
79,151,23,8.2,16.29,55.98,16.1,239.9,241,1
79,151,23,8.2,16.29,55.98,16.2,240.6,241,1
79,151,23,8.2,16.28,55.97,16.2,240.6,241,1
79,151,23,8.2,16.27,55.97,16.2,240.2,241,1
79,151,23,8.2,16.26,55.97,16.0,240.6,241,1
79,151,23,8.2,16.26,55.97,16.0,240.6,241,1
79,151,23,8.2,16.25,55.97,16.0,240.2,241,1
79,151,23,8.2,16.24,55.96,16.0,240.2,241,1
79,151,23,8.2,16.24,55.96,16.0,241.0,241,1
79,151,23,8.2,16.23,55.96,16.0,241.0,241,1
79,151,23,8.2,16.22,55.96,15.9,239.9,241,1
79,151,23,8.2,16.22,55.96,16.0,241.0,241,1
79,151,23,8.2,16.21,55.95,16.0,240.2,241,1
79,151,23,8.2,16.2,55.95,15.9,240.6,241,1
79,151,23,8.2,16.2,55.95,15.9,239.9,241,1
79,151,23,8.2,16.19,55.95,16.0,241.0,241,1
79,151,23,8.2,16.18,55.94,16.0,240.6,241,1
79,151,23,8.2,16.17,55.94,16.0,241.0,241,1
79,151,23,8.2,16.17,55.94,16.0,240.2,241,1
79,151,23,8.2,16.16,55.94,15.9,240.2,241,1
79,151,23,8.2,16.15,55.94,15.9,240.6,241,1
79,151,23,8.2,16.15,55.93,15.9,239.9,241,1
79,151,23,8.2,16.14,55.93,15.9,240.2,241,1
79,151,23,8.2,16.13,55.93,15.9,239.9,241,1
79,151,23,8.2,16.12,55.93,16.0,240.2,241,1
79,151,23,8.2,16.12,55.92,16.0,240.2,241,1
79,151,23,8.2,16.11,55.92,16.0,239.9,241,1
79,151,23,8.2,16.1,55.92,15.9,240.2,241,1
79,151,23,8.2,16.1,55.92,16.0,239.9,241,1
79,151,23,8.2,16.09,55.91,16.0,240.2,241,1
79,151,23,8.2,16.08,55.91,16.0,239.9,241,1
79,151,23,8.2,16.08,55.91,16.1,239.9,241,1
79,151,23,8.2,16.07,55.91,16.1,240.2,241,1
79,151,23,8.2,16.06,55.91,16.1,240.2,241,1
79,151,23,8.2,16.05,55.9,16.1,240.6,241,1
79,151,23,8.2,16.05,55.9,16.2,241.2,242,1
79,151,23,8.2,16.04,55.9,16.1,240.2,241,1
79,151,23,8.2,16.03,55.9,16.1,240.6,241,1
79,151,23,8.2,16.03,55.89,16.2,240.6,241,1
79,151,23,8.2,16.02,55.89,16.2,240.6,241,1
79,151,23,8.2,16.01,55.89,16.3,240.6,241,1
79,151,23,8.2,16.0,55.89,16.2,240.6,241,1
79,151,23,8.2,16.0,55.89,16.2,240.6,241,1
79,151,23,8.2,15.99,55.88,16.1,240.6,241,1
79,151,23,8.2,15.98,55.88,16.1,240.6,241,1
79,151,23,8.2,15.98,55.88,16.1,240.6,241,1
79,151,23,8.2,15.97,55.88,16.1,240.6,241,1
79,151,23,8.2,15.96,55.87,16.0,240.2,241,1
79,151,23,8.2,15.96,55.87,15.9,241.0,241,1
79,151,23,8.2,15.95,55.87,16.0,240.6,241,1
79,151,23,8.2,15.94,55.87,16.1,240.6,241,1
79,151,23,8.2,15.93,55.87,16.1,240.2,241,1
79,151,23,8.2,15.93,55.86,16.0,241.0,241,1
79,151,23,8.2,15.92,55.86,15.9,240.2,241,1
79,151,23,8.2,15.91,55.86,15.9,240.6,241,1
79,151,23,8.2,15.91,55.86,15.9,239.9,241,1
79,151,23,8.2,15.9,55.85,15.9,240.6,241,1
79,151,23,8.2,15.89,55.85,15.9,240.2,241,1
79,151,23,8.2,15.89,55.85,15.9,240.6,241,1
79,151,23,8.2,15.88,55.85,15.9,240.2,241,1
79,151,23,8.2,15.87,55.85,15.8,240.6,241,1
79,151,23,8.2,15.87,55.84,15.8,241.0,241,1
79,151,23,8.2,15.86,55.84,15.8,240.6,241,1
79,151,23,8.2,15.85,55.84,15.9,239.9,241,1
79,151,23,8.2,15.84,55.84,15.8,240.2,241,1
79,151,23,8.2,15.84,55.83,15.7,240.6,241,1
79,151,23,8.2,15.83,55.83,15.8,240.2,241,1
79,151,23,8.2,15.82,55.83,15.8,241.0,241,1
79,151,23,8.2,15.82,55.83,15.8,239.9,241,1
79,151,23,8.2,15.81,55.83,15.7,239.9,241,1
79,151,23,8.2,15.8,55.82,15.7,239.9,241,1
79,151,23,8.2,15.8,55.82,15.7,240.6,241,1
79,151,23,8.2,15.79,55.82,15.8,239.9,241,1
79,151,23,8.2,15.78,55.82,15.8,239.9,241,1
79,151,23,8.2,15.78,55.82,15.8,240.2,241,1
79,151,23,8.2,15.77,55.81,15.8,239.9,241,1
79,151,23,8.2,15.76,55.81,15.7,240.2,241,1
79,151,23,8.2,15.76,55.81,15.7,240.6,241,1
79,151,23,8.2,15.75,55.81,15.6,240.6,241,1
79,151,23,8.2,15.74,55.8,15.6,240.6,241,1
79,151,23,8.2,15.74,55.8,15.6,240.6,241,1
79,151,23,8.2,15.73,55.8,15.7,240.6,241,1
79,151,23,8.2,15.72,55.8,15.7,241.0,241,1
79,151,23,8.2,15.72,55.8,15.7,241.0,241,1
79,151,23,8.2,15.71,55.79,15.7,241.0,241,1
79,151,23,8.2,15.7,55.79,15.7,240.6,241,1
79,151,23,8.2,15.7,55.79,15.8,240.6,241,1
79,151,23,8.2,15.69,55.79,15.8,240.6,241,1
79,151,23,8.2,15.68,55.78,15.8,240.6,241,1
79,151,23,8.2,15.68,55.78,15.7,240.6,241,1
79,151,23,8.2,15.67,55.78,15.6,240.6,241,1
79,151,23,8.2,15.66,55.78,15.6,240.6,241,1
79,151,23,8.2,15.65,55.78,15.6,241.0,241,1
79,151,23,8.2,15.65,55.77,15.7,240.6,241,1
79,151,23,8.2,15.64,55.77,15.7,240.6,241,1
79,151,23,8.2,15.63,55.77,15.7,240.6,241,1
79,151,23,8.2,15.63,55.77,15.7,240.6,241,1
79,151,23,8.2,15.62,55.77,15.7,240.6,241,1
79,151,23,8.2,15.61,55.76,15.8,241.3,241,1
79,151,23,8.2,15.61,55.76,15.8,240.6,241,1
79,151,23,8.2,15.6,55.76,15.8,241.0,241,1
79,151,23,8.2,15.59,55.76,15.8,241.0,241,1
79,151,23,8.2,15.58,55.75,15.7,241.7,241,1
79,151,23,8.2,15.58,55.75,15.7,241.3,241,1
79,151,23,8.2,15.57,55.75,15.7,240.2,241,1
79,151,23,8.2,15.56,55.75,15.7,241.3,241,1
79,151,23,8.2,15.56,55.75,15.7,241.7,241,1
79,151,23,8.2,15.55,55.74,15.8,241.0,241,1
79,151,23,8.2,15.54,55.74,15.8,241.0,241,1
79,151,23,8.2,15.54,55.74,15.8,241.3,241,1
79,151,23,8.2,15.53,55.74,15.9,241.3,241,1
79,151,23,8.2,15.52,55.74,15.9,241.0,241,1
79,151,23,8.2,15.52,55.73,15.8,242.0,241,1
79,151,23,8.2,15.51,55.73,15.8,241.3,241,1
79,151,23,8.2,15.5,55.73,15.9,241.3,241,1
79,151,23,8.2,15.5,55.73,15.9,241.3,241,1
79,151,23,8.2,15.49,55.72,15.8,241.3,241,1
79,151,23,8.2,15.48,55.72,15.8,241.3,241,1
79,151,23,8.2,15.47,55.72,15.8,241.7,241,1
79,151,23,8.2,15.47,55.72,15.8,241.7,241,1
79,151,23,8.2,15.46,55.72,15.8,240.3,240,1
79,151,23,8.2,15.45,55.71,15.8,240.3,240,1
79,151,23,8.2,15.45,55.71,15.8,240.3,240,1
79,151,23,8.2,15.44,55.71,15.9,240.3,240,1
79,151,23,8.2,15.43,55.71,15.9,239.6,240,1
79,151,23,8.2,15.43,55.7,15.9,240.0,240,1
79,151,23,8.2,15.42,55.7,15.9,240.7,240,1
79,151,23,8.2,15.41,55.7,15.8,240.3,240,1
79,151,23,8.2,15.41,55.7,15.8,240.0,240,1
79,151,23,8.2,15.4,55.7,15.8,240.0,240,1
79,151,23,8.2,15.39,55.69,15.8,240.0,240,1
79,151,23,8.2,15.39,55.69,15.9,240.0,240,1
79,151,23,8.2,15.38,55.69,16.0,239.6,240,1
79,151,23,8.2,15.37,55.69,15.9,239.3,239,1
79,151,23,8.2,15.36,55.68,15.9,238.6,239,1
79,151,23,8.2,15.36,55.68,15.8,238.6,239,1
79,151,23,8.2,15.35,55.68,15.9,239.0,239,1
79,151,23,8.2,15.34,55.68,15.9,239.2,240,1
79,151,23,8.2,15.33,55.67,16.0,239.0,239,1
79,151,23,8.2,15.32,55.67,16.0,238.6,239,1
79,151,23,8.2,15.32,55.67,16.1,239.0,239,1
79,151,23,8.2,15.31,55.67,16.1,237.5,239,1
79,151,23,8.2,15.3,55.66,16.1,238.6,239,1
79,151,23,8.2,15.29,55.66,16.1,238.6,239,1
79,151,23,8.2,15.29,55.66,16.2,238.6,239,1
79,151,23,8.2,15.28,55.66,16.1,239.0,239,1
79,151,23,8.2,15.27,55.65,16.0,238.7,238,1
79,151,23,8.2,15.27,55.65,15.9,238.0,238,1
79,151,23,8.2,15.26,55.65,15.9,237.2,238,1
79,151,23,8.2,15.25,55.65,16.0,238.0,238,1
79,151,23,8.2,15.25,55.64,16.0,237.6,238,1
79,151,23,8.2,15.24,55.64,15.9,238.0,238,1
79,151,23,8.2,15.24,55.64,15.8,238.3,238,1
79,151,23,8.2,15.23,55.64,15.9,237.6,238,1
79,151,23,8.2,15.22,55.64,15.9,238.3,238,1
79,151,23,8.2,15.22,55.63,16.0,238.0,238,1
79,151,23,8.2,15.21,55.63,16.0,237.6,238,1
79,151,23,8.2,15.2,55.63,16.0,238.0,238,1
79,151,23,8.2,15.2,55.63,16.0,238.0,238,1
79,151,23,8.2,15.19,55.63,16.1,238.0,238,1
79,151,23,8.2,15.19,55.62,16.0,238.0,238,1
79,151,23,8.2,15.18,55.62,16.1,237.6,238,1
79,151,23,8.2,15.17,55.62,16.0,237.6,238,1
79,151,23,8.2,15.17,55.62,16.0,238.0,238,1
79,151,23,8.2,15.16,55.61,16.0,237.6,238,1
79,151,23,8.2,15.15,55.61,15.9,238.6,239,1
79,151,23,8.2,15.15,55.61,15.9,239.7,239,1
79,151,23,8.2,15.14,55.61,15.9,239.0,239,1
79,151,23,8.2,15.13,55.6,15.9,239.0,239,1
79,151,23,8.2,15.13,55.6,16.0,239.0,239,1
79,151,23,8.2,15.12,55.6,16.0,238.6,239,1
79,151,23,8.2,15.11,55.6,16.0,240.0,240,1
79,151,23,8.2,15.11,55.59,16.0,240.0,240,1
79,151,23,8.2,15.1,55.59,16.0,240.0,240,1
79,151,23,8.2,15.09,55.59,15.9,240.2,241,1
79,151,23,8.2,15.08,55.59,16.0,241.0,241,1
79,151,23,8.2,15.07,55.58,16.0,241.7,241,1
79,151,23,8.2,15.07,55.58,16.0,241.3,241,1
79,151,23,8.2,15.03,55.57,16.2,241.0,241,1
79,151,23,8.2,14.99,55.56,16.1,241.0,241,1
79,151,23,8.2,14.98,55.56,16.1,241.0,241,1
79,151,23,8.2,14.98,55.55,16.1,241.0,241,1
79,151,23,8.2,14.97,55.55,16.1,241.0,241,1
79,151,23,8.2,14.96,55.55,16.2,241.0,241,1
79,151,23,8.2,14.95,55.55,16.2,241.0,241,1
79,151,23,8.2,14.94,55.54,16.3,240.6,241,1
79,151,23,8.2,14.94,55.54,16.3,241.0,241,1
79,151,23,8.2,14.93,55.54,16.2,241.0,241,1
79,151,23,8.2,14.92,55.54,16.3,241.7,241,1
79,151,23,8.2,14.91,55.53,16.3,241.3,241,1
79,151,23,8.2,14.9,55.53,16.4,241.3,241,1
79,151,23,8.2,14.88,55.52,16.4,241.0,241,1
79,151,23,8.2,14.86,55.52,16.4,241.6,241,1
79,151,23,8.2,14.85,55.51,16.4,241.0,241,1
79,151,23,8.2,14.84,55.51,16.5,241.0,241,1
79,151,23,8.2,14.83,55.51,16.5,241.3,241,1
79,151,23,8.2,14.82,55.51,16.4,240.6,241,1
79,151,23,8.2,14.82,55.5,16.4,241.0,241,1
79,151,23,8.2,14.81,55.5,16.3,241.3,241,1
79,151,23,8.2,14.8,55.5,16.3,240.6,241,1
79,151,23,8.2,14.8,55.5,16.3,240.6,241,1
79,151,23,8.2,14.79,55.5,16.3,240.6,241,1
79,151,23,8.2,14.78,55.49,16.4,241.0,241,1
79,151,23,8.2,14.77,55.49,16.4,240.6,241,1
79,151,23,8.2,14.77,55.49,16.5,240.6,241,1
79,151,23,8.2,14.75,55.48,16.4,241.3,241,1
79,151,23,8.2,14.74,55.48,16.3,241.0,241,1
79,151,23,8.2,14.74,55.48,16.2,241.0,241,1
79,151,23,8.2,14.73,55.48,16.2,241.0,241,1
79,151,23,8.2,14.72,55.47,16.3,241.0,241,1
79,151,23,8.2,14.71,55.47,16.3,240.6,241,1
79,151,23,8.2,14.71,55.47,16.3,241.0,241,1
79,151,23,8.2,14.7,55.47,16.3,241.0,241,1
79,151,23,8.2,14.7,55.47,16.3,241.0,241,1
79,151,23,8.2,14.69,55.46,16.2,240.6,241,1
79,151,23,8.2,14.68,55.46,16.2,240.2,241,1
79,151,23,8.2,14.67,55.46,16.3,240.6,241,1
79,151,23,8.2,14.67,55.46,16.3,240.6,241,1
79,151,23,8.2,14.66,55.45,16.3,241.0,241,1
79,151,23,8.2,14.65,55.45,16.3,240.6,241,1
79,151,23,8.2,14.64,55.45,16.3,240.6,241,1
79,151,23,8.2,14.64,55.45,16.3,240.6,241,1
79,151,23,8.2,14.63,55.45,16.3,240.2,241,1
79,151,23,8.2,14.62,55.44,16.4,240.3,241,1
79,151,23,8.2,14.62,55.44,16.3,241.0,241,1
79,151,23,8.2,14.61,55.44,16.4,240.6,241,1
79,151,23,8.2,14.6,55.44,16.4,240.6,241,1
79,151,23,8.2,14.59,55.43,16.4,241.0,241,1
79,151,23,8.2,14.59,55.43,16.4,240.6,241,1
79,151,23,8.2,14.58,55.43,16.2,238.5,235,1
79,151,23,8.2,14.58,55.43,16.1,231.1,229,1
79,151,23,8.2,14.57,55.42,16.2,226.6,227,1
79,151,23,8.2,14.56,55.42,16.2,221.7,221,1
79,151,23,8.2,14.56,55.42,16.4,220.9,222,1
79,151,23,8.2,14.55,55.41,16.5,221.3,222,1
79,151,23,8.2,14.55,55.41,16.5,221.3,222,1
79,151,23,8.2,14.54,55.41,16.5,221.3,221,1
79,151,23,8.2,14.54,55.4,16.5,220.3,221,1
79,151,23,8.2,14.53,55.4,16.5,220.6,221,1
79,151,23,8.2,14.53,55.4,16.5,219.9,221,1
79,151,23,8.2,14.52,55.39,16.5,220.3,221,1
79,151,23,8.2,14.52,55.39,16.5,220.6,221,1
79,151,23,8.2,14.51,55.39,16.5,219.9,221,1
79,151,23,8.2,14.51,55.38,16.5,220.6,221,1
79,151,23,8.2,14.5,55.38,16.5,219.9,221,1
79,151,23,8.2,14.5,55.38,16.5,220.3,221,1
79,151,23,8.2,14.49,55.37,16.5,218.9,220,1
79,151,23,8.2,14.49,55.37,16.4,219.6,220,1
79,151,23,8.2,14.48,55.36,16.5,218.9,220,1
79,151,23,8.2,14.48,55.36,16.5,219.3,220,1
79,151,23,8.2,14.47,55.36,16.5,219.3,220,1
79,151,23,8.2,14.47,55.35,16.5,219.6,220,1
79,151,23,8.2,14.46,55.35,16.5,218.9,220,1
79,151,23,8.2,14.46,55.35,16.6,218.9,220,1
79,151,23,8.2,14.45,55.34,16.6,218.9,220,1
79,151,23,8.2,14.45,55.34,16.6,219.3,220,1
79,151,23,8.2,14.44,55.34,16.5,219.3,220,1
79,151,23,8.2,14.44,55.33,16.6,218.9,220,1
79,151,23,8.2,14.43,55.33,16.5,219.3,220,1
79,151,23,8.2,14.43,55.33,16.5,218.9,220,1
79,151,23,8.2,14.42,55.32,16.5,219.3,220,1
79,151,23,8.2,14.41,55.32,16.5,218.9,220,1
79,151,23,8.2,14.41,55.32,16.5,219.3,220,1
79,151,23,8.2,14.4,55.31,16.5,219.3,220,1
79,151,23,8.2,14.4,55.31,16.5,218.6,220,1
79,151,23,8.2,14.4,55.3,16.5,219.3,220,1
79,151,23,8.2,14.39,55.3,16.5,218.6,220,1
79,151,23,8.2,14.38,55.3,16.5,219.6,220,1
79,151,23,8.2,14.38,55.29,16.5,217.6,219,1
79,151,23,8.2,14.37,55.29,16.5,217.9,220,1
79,151,23,8.2,14.37,55.29,16.5,218.6,220,1
79,151,23,8.2,14.36,55.28,16.5,218.2,220,1
79,151,23,8.2,14.36,55.28,16.5,218.6,220,1
79,151,23,8.2,14.35,55.28,16.5,219.3,220,1
79,151,23,8.2,14.35,55.27,16.5,219.3,220,1
79,151,23,8.2,14.34,55.27,16.5,218.9,220,1
79,151,23,8.2,14.34,55.27,16.5,218.9,220,1
79,151,23,8.2,14.33,55.26,16.5,218.6,220,1
79,151,23,8.2,14.33,55.26,16.6,218.6,220,1
79,151,23,8.2,14.32,55.25,16.5,218.9,220,1
79,151,23,8.2,14.32,55.25,16.5,218.2,220,1
79,151,23,8.2,14.31,55.25,16.5,219.3,220,1
79,151,23,8.2,14.31,55.24,16.5,218.2,220,1
79,151,23,8.2,14.3,55.24,16.5,219.3,220,1
79,151,23,8.2,14.3,55.24,16.5,219.3,220,1
79,151,23,8.2,14.29,55.23,16.5,218.9,220,1
79,151,23,8.2,14.29,55.23,16.5,219.3,220,1
79,151,23,8.2,14.28,55.23,16.6,219.3,220,1
79,151,23,8.2,14.28,55.22,16.6,219.6,220,1
79,151,23,8.2,14.27,55.22,16.6,219.3,220,1
79,151,23,8.2,14.27,55.22,16.5,218.6,220,1
79,151,23,8.2,14.26,55.21,16.5,219.6,220,1
79,151,23,8.2,14.26,55.21,16.5,219.3,220,1
79,151,23,8.2,14.25,55.2,16.5,220.0,220,1
79,151,23,8.2,14.25,55.2,16.5,219.6,220,1
79,151,23,8.2,14.24,55.2,16.5,219.6,220,1
79,151,23,8.2,14.24,55.19,16.5,219.3,220,1
79,151,23,8.2,14.23,55.19,16.5,219.3,220,1
79,151,23,8.2,14.23,55.19,16.5,218.9,220,1
79,151,23,8.2,14.22,55.18,16.5,219.3,220,1
79,151,23,8.2,14.22,55.18,16.6,218.9,220,1
79,151,23,8.2,14.21,55.18,16.4,219.6,220,1
79,151,23,8.2,14.21,55.17,16.4,218.9,220,1
79,151,23,8.2,14.2,55.17,16.5,219.6,220,1
79,151,23,8.2,14.2,55.17,16.5,218.9,220,1
79,151,23,8.2,14.19,55.16,16.5,218.6,220,1
79,151,23,8.2,14.19,55.16,16.4,219.6,220,1
79,151,23,8.2,14.18,55.15,16.5,219.3,220,1
79,151,23,8.2,14.18,55.15,16.5,219.6,220,1
79,151,23,8.2,14.17,55.15,16.4,218.9,220,1
79,151,23,8.2,14.17,55.14,16.4,218.9,220,1
79,151,23,8.2,14.16,55.14,16.4,220.0,220,1
79,151,23,8.2,14.16,55.14,16.5,220.2,222,1
79,151,23,8.2,14.15,55.13,16.5,220.3,221,1
79,151,23,8.2,14.15,55.13,16.5,219.6,221,1
79,151,23,8.2,14.14,55.13,16.5,219.9,221,1
79,151,23,8.2,14.14,55.12,16.5,219.6,221,1
79,151,23,8.2,14.13,55.12,16.5,220.3,221,1
79,151,23,8.2,14.13,55.12,16.4,220.6,221,1
79,151,23,8.2,14.12,55.11,16.5,220.3,221,1
79,151,23,8.2,14.12,55.11,16.5,219.9,221,1
79,151,23,8.2,14.11,55.11,16.5,220.6,221,1
79,151,23,8.2,14.11,55.1,16.4,220.3,221,1
79,151,23,8.2,14.1,55.1,16.4,220.6,221,1
79,151,23,8.2,14.1,55.1,16.5,219.9,221,1
79,151,23,8.2,14.09,55.09,16.4,220.6,221,1
79,151,23,8.2,14.09,55.09,16.4,222.5,225,1
79,151,23,8.2,14.08,55.09,16.3,222.9,224,1
79,151,23,8.2,14.07,55.08,16.4,224.0,224,1
79,151,23,8.2,14.07,55.08,16.4,223.6,224,1
79,151,23,8.2,14.06,55.08,16.0,232.9,243,1
79,151,23,8.2,14.06,55.07,15.9,246.4,245,1
79,151,23,8.2,14.05,55.07,16.0,244.3,244,1
79,151,23,8.2,14.04,55.07,16.1,245.2,246,1
79,151,23,8.2,14.04,55.07,16.3,245.2,246,1
79,151,23,8.2,14.03,55.07,16.4,246.0,246,1
79,151,23,8.2,14.02,55.06,16.4,246.0,246,1
79,151,23,8.2,14.01,55.06,16.4,245.6,246,1
79,151,23,8.2,14.01,55.06,16.4,245.6,246,1
79,151,23,8.2,14.0,55.06,16.4,245.3,246,1
79,151,23,8.2,13.99,55.06,16.4,244.8,248,1
79,151,23,8.2,13.98,55.06,16.5,247.6,248,1
79,151,23,8.2,13.98,55.05,16.5,249.0,249,1
79,151,23,8.2,13.97,55.05,16.4,249.0,249,1
79,151,23,8.2,13.96,55.05,16.4,248.6,249,1
79,151,23,8.2,13.96,55.05,16.4,248.6,249,1
79,151,23,8.2,13.95,55.05,16.4,249.0,249,1
79,151,23,8.2,13.94,55.05,16.4,248.3,249,1
79,151,23,8.2,13.93,55.04,16.4,249.0,249,1
79,151,23,8.2,13.93,55.04,16.4,248.6,249,1
79,151,23,8.2,13.92,55.04,16.5,250.0,250,1
79,151,23,8.2,13.91,55.04,16.4,250.6,250,1
79,151,23,8.2,13.9,55.04,16.4,250.0,250,1
79,151,23,8.2,13.9,55.04,16.4,249.6,250,1
79,151,23,8.2,13.89,55.03,16.4,250.0,250,1
79,151,23,8.2,13.88,55.03,16.4,250.0,250,1
79,151,23,8.2,13.87,55.03,16.5,250.0,250,1
79,151,23,8.2,13.87,55.03,16.5,249.6,250,1
79,151,23,8.2,13.86,55.03,16.4,250.0,250,1
79,151,23,8.2,13.85,55.03,16.4,250.6,250,1
79,151,23,8.2,13.84,55.02,16.4,250.0,250,1
79,151,23,8.2,13.84,55.02,16.4,250.0,250,1
79,151,23,8.2,13.83,55.02,16.4,250.3,250,1
79,151,23,8.2,13.82,55.02,16.3,250.7,250,1
79,151,23,8.2,13.81,55.02,16.3,250.3,250,1
79,151,23,8.2,13.81,55.02,16.4,250.3,250,1
79,151,23,8.2,13.8,55.02,16.4,250.0,250,1
79,151,23,8.2,13.79,55.01,16.4,250.0,250,1
79,151,23,8.2,13.78,55.01,16.4,250.3,250,1
79,151,23,8.2,13.78,55.01,16.4,250.6,250,1
79,151,23,8.2,13.77,55.01,16.4,250.0,250,1
79,151,23,8.2,13.76,55.01,16.5,250.6,250,1
79,151,23,8.2,13.75,55.01,16.5,250.0,250,1
79,151,23,8.2,13.75,55.0,16.5,250.3,250,1
79,151,23,8.2,13.74,55.0,16.4,250.3,250,1
79,151,23,8.2,13.73,55.0,16.5,250.3,250,1
79,151,23,8.2,13.72,55.0,16.5,250.3,250,1
79,151,23,8.2,13.72,55.0,16.5,250.6,250,1
79,151,23,8.2,13.71,55.0,16.5,250.6,250,1
79,151,23,8.2,13.7,55.0,16.5,250.3,250,1
79,151,23,8.2,13.69,54.99,16.5,250.3,250,1
79,151,23,8.2,13.69,54.99,16.5,250.6,250,1
79,151,23,8.2,13.68,54.99,16.5,250.6,250,1
79,151,23,8.2,13.67,54.99,16.5,250.6,250,1
79,151,23,8.2,13.66,54.99,16.5,250.6,250,1
79,151,23,8.2,13.66,54.99,16.5,250.6,250,1
79,151,23,8.2,13.65,54.98,16.5,250.6,250,1
79,151,23,8.2,13.64,54.98,16.6,251.3,250,1
79,151,23,8.2,13.63,54.98,16.6,250.0,249,1
79,151,23,8.2,13.63,54.98,16.5,250.6,250,1
79,151,23,8.2,13.62,54.98,16.5,250.0,250,1
79,151,23,8.2,13.61,54.98,16.5,250.3,250,1
79,151,23,8.2,13.6,54.98,16.5,250.3,250,1
79,151,23,8.2,13.6,54.97,16.5,250.3,250,1
79,151,23,8.2,13.59,54.97,16.5,250.0,250,1
79,151,23,8.2,13.58,54.97,16.5,250.6,250,1
79,151,23,8.2,13.57,54.97,16.4,250.3,250,1
79,151,23,8.2,13.57,54.97,16.4,250.6,250,1
79,151,23,8.2,13.56,54.97,16.4,250.3,250,1
79,151,23,8.2,13.55,54.97,16.4,253.6,254,1
79,151,23,8.2,13.54,54.96,16.4,253.6,254,1
79,151,23,8.2,13.54,54.96,16.4,253.6,253,1
79,151,23,8.2,13.53,54.96,16.4,253.3,253,1
79,151,23,8.2,13.52,54.96,16.4,253.3,253,1
79,151,23,8.2,13.51,54.96,16.5,253.6,253,1
79,151,23,8.2,13.51,54.96,16.5,253.3,253,1
79,151,23,8.2,13.5,54.96,16.5,253.3,253,1
79,151,23,8.2,13.49,54.95,16.5,253.3,253,1
79,151,23,8.2,13.48,54.95,16.5,253.3,253,1
79,151,23,8.2,13.48,54.95,16.5,253.0,253,1
79,151,23,8.2,13.47,54.95,16.5,253.3,253,1
79,151,23,8.2,13.46,54.95,16.5,253.6,253,1
79,151,23,8.2,13.45,54.95,16.5,253.0,253,1
79,151,23,8.2,13.44,54.95,16.6,253.3,253,1
79,151,23,8.2,13.42,54.94,16.6,253.3,253,1
79,151,23,8.2,13.41,54.94,16.6,253.3,253,1
79,151,23,8.2,13.4,54.94,16.6,253.6,253,1
79,151,23,8.2,13.39,54.94,16.7,253.6,253,1
79,151,23,8.2,13.38,54.94,16.7,253.6,253,1
79,151,23,8.2,13.38,54.93,16.6,250.3,250,1
79,151,23,8.2,13.37,54.93,16.7,250.3,250,1
79,151,23,8.2,13.36,54.93,16.8,250.3,250,1
79,151,23,8.2,13.35,54.93,16.8,250.3,250,1
79,151,23,8.2,13.35,54.93,16.9,249.6,250,1
79,151,23,8.2,13.34,54.93,16.8,249.3,250,1
79,151,23,8.2,13.33,54.93,16.8,249.6,250,1
79,151,23,8.2,13.32,54.92,16.7,249.6,250,1
79,151,23,8.2,13.31,54.92,16.7,250.0,250,1
79,151,23,8.2,13.31,54.92,16.7,250.0,250,1
79,151,23,8.2,13.3,54.92,16.7,250.3,250,1
79,151,23,8.2,13.29,54.92,16.7,250.6,250,1
79,151,23,8.2,13.28,54.92,16.7,249.6,250,1
79,151,23,8.2,13.28,54.91,16.6,249.3,250,1
79,151,23,8.2,13.27,54.91,16.5,249.3,250,1
79,151,23,8.2,13.26,54.91,16.5,248.9,250,1
79,151,23,8.2,13.25,54.91,16.4,249.3,250,1
79,151,23,8.2,13.25,54.91,16.4,248.9,250,1
79,151,23,8.2,13.24,54.91,16.3,248.9,250,1
79,151,23,8.2,13.23,54.9,16.3,248.9,250,1
79,151,23,8.2,13.23,54.9,16.3,249.2,250,1
79,151,23,8.2,13.22,54.9,16.2,249.6,250,1
79,151,23,8.2,13.21,54.9,16.3,249.2,250,1
79,151,23,8.2,13.2,54.9,16.3,249.2,250,1
79,151,23,8.2,13.2,54.9,16.3,249.6,250,1
79,151,23,8.2,13.19,54.9,16.3,249.6,250,1
79,151,23,8.2,13.18,54.89,16.3,249.6,250,1
79,151,23,8.2,13.17,54.89,16.4,249.6,250,1
79,151,23,8.2,13.17,54.89,16.4,249.6,250,1
79,151,23,8.2,13.16,54.89,16.4,250.0,250,1
79,151,23,8.2,13.15,54.89,16.4,250.0,250,1
79,151,23,8.2,13.14,54.89,16.4,250.0,250,1
79,151,23,8.2,13.14,54.88,16.5,250.0,250,1
79,151,23,8.2,13.13,54.88,16.4,249.6,250,1
79,151,23,8.2,13.12,54.88,16.4,250.0,250,1
79,151,23,8.2,13.11,54.88,16.4,250.0,250,1
79,151,23,8.2,13.11,54.88,16.4,250.0,250,1
79,151,23,8.2,13.1,54.88,16.4,250.0,250,1
79,151,23,8.2,13.09,54.87,16.4,250.3,250,1
79,151,23,8.2,13.08,54.87,16.4,250.6,250,1
79,151,23,8.2,13.08,54.87,16.5,251.0,250,1
79,151,23,8.2,13.07,54.87,16.5,251.0,250,1
79,151,23,8.2,13.06,54.87,16.5,251.0,250,1
79,151,23,8.2,13.06,54.87,16.5,251.3,250,1
79,151,23,8.2,13.05,54.87,16.6,251.7,250,1
79,151,23,8.2,13.04,54.86,16.6,251.3,250,1
79,151,23,8.2,13.03,54.86,16.6,251.3,250,1
79,151,23,8.2,13.02,54.86,16.6,251.7,250,1
79,151,23,8.2,13.02,54.86,16.6,251.3,250,1
79,151,23,8.2,13.01,54.86,16.6,251.3,250,1
79,151,23,8.2,13.0,54.86,16.6,251.7,250,1
79,151,23,8.2,12.99,54.86,16.5,251.7,250,1
79,151,23,8.2,12.99,54.85,16.5,251.3,250,1
79,151,23,8.2,12.98,54.85,16.5,251.7,250,1
79,151,23,8.2,12.97,54.85,16.5,251.3,250,1
79,151,23,8.2,12.96,54.85,16.5,251.0,250,1
79,151,23,8.2,12.96,54.85,16.5,251.3,250,1
79,151,23,8.2,12.95,54.85,16.5,251.3,250,1
79,151,23,8.2,12.94,54.85,16.5,251.3,250,1
79,151,23,8.2,12.93,54.84,16.4,251.3,250,1
79,151,23,8.2,12.93,54.84,16.4,251.3,250,1
79,151,23,8.2,12.92,54.84,16.4,251.0,250,1
79,151,23,8.2,12.91,54.84,16.4,251.0,250,1
79,151,23,8.2,12.9,54.84,16.3,251.0,250,1
79,151,23,8.2,12.9,54.84,16.4,251.3,250,1
79,151,23,8.2,12.89,54.84,16.3,251.4,250,1
79,151,23,8.2,12.88,54.83,16.3,251.0,250,1
79,151,23,8.2,12.87,54.83,16.3,251.4,250,1
79,151,23,8.2,12.87,54.83,16.3,251.4,250,1
79,151,23,8.2,12.86,54.83,16.4,251.0,250,1
79,151,23,8.2,12.85,54.83,16.4,250.6,250,1
79,151,23,8.2,12.84,54.83,16.4,251.0,250,1
79,151,23,8.2,12.84,54.82,16.3,251.0,250,1
79,151,23,8.2,12.83,54.82,16.4,251.3,250,1
79,151,23,8.2,12.82,54.82,16.4,250.6,250,1
79,151,23,8.2,12.81,54.82,16.4,251.0,250,1
79,151,23,8.2,12.81,54.82,16.4,251.0,250,1
79,151,23,8.2,12.8,54.82,16.4,250.6,250,1
79,151,23,8.2,12.79,54.82,16.4,250.6,250,1
79,151,23,8.2,12.78,54.81,16.4,250.6,250,1
79,151,23,8.2,12.78,54.81,16.4,251.0,250,1
79,151,23,8.2,12.77,54.81,16.4,250.6,250,1
79,151,23,8.2,12.76,54.81,16.4,250.3,250,1
79,151,23,8.2,12.76,54.81,16.4,251.0,250,1
79,151,23,8.2,12.75,54.81,16.3,251.0,250,1
79,151,23,8.2,12.74,54.81,16.3,250.7,250,1
79,151,23,8.2,12.73,54.8,16.3,250.3,250,1
79,151,23,8.2,12.73,54.8,16.3,251.5,242,1
79,151,23,8.2,12.72,54.8,15.8,237.6,238,1
79,151,23,8.2,12.71,54.8,15.9,237.3,237,1
79,151,23,8.2,12.71,54.8,16.0,237.7,237,1
79,151,23,8.2,12.7,54.79,16.1,237.3,237,1
79,151,23,8.2,12.69,54.79,16.1,237.3,237,1
79,151,23,8.2,12.69,54.79,16.1,237.3,237,1
79,151,23,8.2,12.68,54.79,16.2,237.7,237,1
79,151,23,8.2,12.67,54.78,16.2,238.0,237,1
79,151,23,8.2,12.67,54.78,16.1,237.7,237,1
79,151,23,8.2,12.66,54.78,16.1,237.7,237,1
79,151,23,8.2,12.66,54.78,16.1,237.3,237,1
79,151,23,8.2,12.65,54.77,16.1,237.7,237,1
79,151,23,8.2,12.64,54.77,16.1,237.3,237,1
79,151,23,8.2,12.64,54.77,16.1,237.3,237,1
79,151,23,8.2,12.63,54.77,16.1,237.3,237,1
79,151,23,8.2,12.62,54.76,16.1,237.3,237,1
79,151,23,8.2,12.62,54.76,16.1,237.3,237,1
79,151,23,8.2,12.61,54.76,16.1,237.3,237,1
79,151,23,8.2,12.6,54.76,16.1,237.3,237,1
79,151,23,8.2,12.6,54.76,16.0,237.3,237,1
79,151,23,8.2,12.59,54.75,16.0,237.3,237,1
79,151,23,8.2,12.58,54.75,16.0,237.7,237,1
79,151,23,8.2,12.58,54.75,16.0,237.7,237,1
79,151,23,8.2,12.57,54.75,16.1,237.3,237,1
79,151,23,8.2,12.56,54.74,16.1,237.7,237,1
79,151,23,8.2,12.56,54.74,16.2,240.7,239,1
79,151,23,8.2,12.55,54.74,16.1,239.3,239,1
79,151,23,8.2,12.54,54.74,16.1,239.7,239,1
79,151,23,8.2,12.54,54.73,16.2,239.7,239,1
79,151,23,8.2,12.53,54.73,16.2,239.7,239,1
79,151,23,8.2,12.52,54.73,16.2,239.7,239,1
79,151,23,8.2,12.52,54.73,16.2,240.0,239,1
79,151,23,8.2,12.51,54.73,16.2,239.7,239,1
79,151,23,8.2,12.5,54.72,16.3,239.7,239,1
79,151,23,8.2,12.5,54.72,16.3,239.7,239,1
79,151,23,8.2,12.49,54.72,16.3,238.2,239,1
79,151,23,8.2,12.48,54.72,16.3,239.3,239,1
79,151,23,8.2,12.48,54.71,16.3,239.0,239,1
79,151,23,8.2,12.47,54.71,16.3,239.7,239,1
79,151,23,8.2,12.46,54.71,16.3,239.3,239,1
79,151,23,8.2,12.46,54.71,16.3,239.0,239,1
79,151,23,8.2,12.45,54.7,16.3,238.6,239,1
79,151,23,8.2,12.44,54.7,16.3,239.0,239,1
79,151,23,8.2,12.44,54.7,16.2,237.3,232,1
79,151,23,8.2,12.43,54.7,16.0,229.8,227,1
79,151,23,8.2,12.43,54.69,15.9,222.2,223,1
79,151,23,8.2,12.42,54.69,16.0,223.3,223,1
79,151,23,8.2,12.42,54.69,16.1,223.0,223,1
79,151,23,8.2,12.41,54.68,16.1,222.6,223,1
79,151,23,8.2,12.4,54.68,16.1,223.0,223,1
79,151,23,8.2,12.4,54.68,16.1,223.3,223,1
79,151,23,8.2,12.39,54.67,16.2,223.3,223,1
79,151,23,8.2,12.39,54.67,16.2,223.3,223,1
79,151,23,8.2,12.38,54.67,16.2,223.3,223,1
79,151,23,8.2,12.38,54.66,16.2,223.3,223,1
79,151,23,8.2,12.37,54.66,16.1,223.3,223,1
79,151,23,8.2,12.37,54.66,16.1,223.3,223,1
79,151,23,8.2,12.36,54.65,16.1,223.7,223,1
79,151,23,8.2,12.36,54.65,16.1,223.7,223,1
79,151,23,8.2,12.35,54.65,16.2,223.7,223,1
79,151,23,8.2,12.35,54.65,16.2,223.7,223,1
79,151,23,8.2,12.34,54.64,16.3,224.0,223,1
79,151,23,8.2,12.34,54.64,16.3,224.0,223,1
79,151,23,8.2,12.33,54.64,16.3,224.0,223,1
79,151,23,8.2,12.32,54.63,16.3,223.7,223,1
79,151,23,8.2,12.32,54.63,16.3,224.0,224,1
79,151,23,8.2,12.31,54.63,16.3,223.0,223,1
79,151,23,8.2,12.31,54.62,16.3,223.0,223,1
79,151,23,8.2,12.3,54.62,16.3,223.0,223,1
79,151,23,8.2,12.3,54.62,16.3,223.3,223,1
79,151,23,8.2,12.29,54.61,16.3,223.3,223,1
79,151,23,8.2,12.29,54.61,16.3,223.3,223,1
79,151,23,8.2,12.28,54.61,16.2,221.0,221,1
79,151,23,8.2,12.28,54.6,16.2,218.7,218,1
79,151,23,8.2,12.27,54.6,16.1,213.2,209,1
79,151,23,8.2,12.27,54.59,15.9,205.5,202,1
79,151,23,8.2,12.27,54.59,15.8,197.9,199,1
79,151,23,8.2,12.26,54.59,16.0,197.9,199,1
71,141,21,7.3,10.47,57.82,11.8,266.8,267,1
71,141,21,7.3,10.46,57.82,11.9,265.0,268,1
71,141,21,7.3,10.46,57.81,11.6,267.6,268,1
71,141,21,7.3,10.45,57.81,11.8,267.7,267,1
71,141,21,7.3,10.44,57.81,11.8,267.7,267,1
71,141,21,7.3,12.59,56.1,13.7,316.2,315,1
71,141,21,7.3,12.58,56.1,13.6,316.8,315,1
71,141,21,7.3,12.58,56.1,13.4,317.0,316,1
71,141,21,7.3,12.57,56.11,13.2,316.5,316,1
71,141,21,7.3,12.57,56.11,13.1,315.7,315,1
71,141,21,7.3,12.56,56.11,13.1,316.3,316,1
71,141,21,7.3,12.56,56.11,13.0,315.4,317,1
71,141,21,7.3,12.56,56.12,13.0,318.1,318,1
71,141,21,7.3,12.55,56.12,13.1,318.8,318,1
71,141,21,7.3,12.55,56.12,13.2,320.0,317,1
71,141,21,7.3,12.54,56.13,13.2,322.2,320,1
71,141,21,7.3,12.54,56.13,13.0,331.5,330,1
71,141,21,7.3,12.54,56.13,13.2,332.2,330,1
71,141,21,7.3,12.53,56.13,13.5,331.2,330,1
71,141,21,7.3,12.53,56.14,13.6,331.1,329,1
71,141,21,7.3,12.53,56.14,13.7,331.4,329,1
71,141,21,7.3,12.52,56.15,13.7,331.0,329,1
71,141,21,7.3,12.52,56.15,13.7,330.5,330,1
71,141,21,7.3,12.52,56.15,13.6,329.1,329,1
71,141,21,7.3,12.51,56.16,13.5,329.9,330,1
71,141,21,7.3,12.51,56.16,13.4,330.5,330,1
71,141,21,7.3,12.51,56.16,13.3,332.7,334,1
71,141,21,7.3,12.5,56.16,13.2,336.6,336,1
71,141,21,7.3,12.5,56.17,13.2,336.1,336,1
71,141,21,7.3,12.5,56.17,13.2,335.7,336,1
71,141,21,7.3,12.49,56.18,13.1,335.7,336,1
71,141,21,7.3,12.49,56.18,13.1,335.1,335,1
71,141,21,7.3,12.49,56.18,13.1,335.9,335,1
71,141,21,7.3,12.49,56.19,13.1,335.4,336,1
71,141,21,7.3,12.48,56.19,13.0,334.3,336,1
71,141,21,7.3,12.48,56.19,13.0,333.9,335,1
71,141,21,7.3,12.48,56.2,13.0,334.8,335,1
71,141,21,7.3,12.48,56.2,13.0,334.4,335,1
71,141,21,7.3,12.47,56.2,13.0,334.3,335,1
71,141,21,7.3,12.47,56.21,13.0,334.6,335,1
71,141,21,7.3,12.47,56.21,12.9,334.8,336,1
71,141,21,7.3,12.46,56.21,12.8,334.2,336,1
71,141,21,7.3,12.46,56.22,12.7,335.3,337,1
71,141,21,7.3,12.46,56.22,12.7,335.1,337,1
71,141,21,7.3,12.45,56.22,12.7,334.4,337,1
71,141,21,7.3,12.45,56.23,12.8,335.4,338,1
71,141,21,7.3,12.45,56.23,12.8,336.3,338,1
71,141,21,7.3,12.45,56.23,12.9,336.8,338,1
71,141,21,7.3,12.44,56.24,12.9,336.8,338,1
71,141,21,7.3,12.44,56.24,12.9,336.8,337,1
71,141,21,7.3,12.44,56.24,12.8,337.5,338,1
71,141,21,7.3,12.44,56.25,12.8,334.8,335,1
71,141,21,7.3,12.43,56.25,12.8,336.9,335,1
71,141,21,7.3,12.43,56.25,12.8,336.5,336,1
71,141,21,7.3,12.43,56.26,12.7,336.4,335,1
71,141,21,7.3,12.42,56.26,12.7,336.8,335,1
71,141,21,7.3,12.42,56.26,12.7,336.4,336,1
71,141,21,7.3,12.42,56.27,12.7,336.1,335,1
71,141,21,7.3,12.42,56.27,12.7,335.8,335,1
71,141,21,7.3,12.41,56.28,12.7,336.2,336,1
71,141,21,7.3,12.41,56.28,12.7,334.7,335,1
71,141,21,7.3,12.41,56.28,12.6,336.0,336,1
71,141,21,7.3,12.4,56.29,12.7,336.5,337,1
71,141,21,7.3,12.4,56.3,12.8,334.9,337,1
71,141,21,7.3,12.39,56.3,12.8,336.0,338,1
71,141,21,7.3,12.39,56.31,12.8,337.3,339,1
71,141,21,7.3,12.39,56.31,12.9,337.7,339,1
71,141,21,7.3,12.34,56.37,12.9,336.5,335,1
71,141,21,7.3,11.73,57.04,12.5,340.8,336,1
71,141,21,7.3,11.73,57.05,12.4,339.0,336,1
71,141,21,7.3,11.72,57.05,12.4,340.2,337,1
71,141,21,7.3,11.72,57.06,12.5,341.1,337,1
71,141,21,7.3,11.72,57.06,12.5,339.8,336,1
71,141,21,7.3,11.72,57.06,12.4,339.6,336,1
71,141,21,7.3,11.71,57.07,12.3,340.2,336,1
71,141,21,7.3,11.71,57.07,12.2,340.0,336,1
71,141,21,7.3,11.71,57.07,12.0,339.8,336,1
71,141,21,7.3,11.71,57.08,12.1,338.0,336,1
71,141,21,7.3,11.71,57.08,12.0,337.9,336,1
71,141,21,7.3,11.7,57.08,12.1,336.9,336,1
71,141,21,7.3,11.7,57.09,12.3,337.7,336,1
71,141,21,7.3,11.7,57.09,12.4,336.6,336,1
71,141,21,7.3,11.7,57.09,12.4,334.4,337,1
71,141,21,7.3,11.69,57.1,12.5,338.4,338,1
71,141,21,7.3,11.69,57.1,12.5,336.5,338,1
71,141,21,7.3,11.69,57.1,12.5,337.7,339,1
71,141,21,7.3,11.69,57.1,12.5,338.0,339,1
71,141,21,7.3,11.68,57.11,12.6,339.3,339,1
71,141,21,7.3,11.68,57.11,12.7,338.9,338,1
71,141,21,7.3,11.68,57.11,12.6,336.7,339,1
71,141,21,7.3,11.68,57.12,12.6,339.5,338,1
71,141,21,7.3,11.67,57.12,12.8,340.5,339,1
71,141,21,7.3,11.67,57.13,12.7,338.4,339,1
71,141,21,7.3,11.67,57.13,12.7,339.9,338,1
71,141,21,7.3,11.67,57.13,12.8,339.6,339,1
71,141,21,7.3,11.66,57.14,12.9,338.3,338,1
71,141,21,7.3,11.66,57.14,12.8,338.9,339,1
71,141,21,7.3,11.66,57.14,12.9,338.7,339,1
71,141,21,7.3,11.66,57.15,12.8,339.4,338,1
71,141,21,7.3,11.65,57.15,12.8,336.2,337,1
71,141,21,7.3,11.65,57.15,12.8,336.9,334,1
71,141,21,7.3,11.65,57.16,12.7,333.9,335,1
71,141,21,7.3,11.65,57.16,12.7,334.2,333,1
71,141,21,7.3,11.64,57.16,12.9,333.8,334,1
71,141,21,7.3,11.64,57.17,12.9,331.8,334,1
71,141,21,7.3,11.64,57.17,12.9,333.0,333,1
71,141,21,7.3,11.63,57.17,13.0,333.0,334,1
71,141,21,7.3,11.63,57.18,12.9,334.5,334,1
71,141,21,7.3,11.63,57.18,12.9,333.5,333,1
71,141,21,7.3,11.62,57.18,12.9,334.2,333,1
71,141,21,7.3,11.62,57.19,13.0,334.9,333,1
71,141,21,7.3,11.62,57.19,13.0,333.6,334,1
71,141,21,7.3,11.61,57.2,13.0,339.8,339,1
71,141,21,7.3,11.61,57.2,13.1,339.6,339,1
71,141,21,7.3,11.61,57.2,13.1,341.3,339,1
71,141,21,7.3,11.61,57.21,13.1,338.6,339,1
71,141,21,7.3,11.6,57.21,13.2,340.3,340,1
71,141,21,7.3,11.6,57.21,13.2,341.6,340,1
71,141,21,7.3,11.6,57.22,13.3,339.8,340,1
71,141,21,7.3,11.6,57.22,13.2,341.4,340,1
71,141,21,7.3,11.59,57.22,13.3,341.4,339,1
71,141,21,7.3,11.59,57.23,13.3,341.8,340,1
71,141,21,7.3,11.59,57.23,13.3,341.2,340,1
71,141,21,7.3,11.59,57.24,13.3,340.2,340,1
71,141,21,7.3,11.59,57.24,13.3,341.0,340,1
71,141,21,7.3,11.58,57.24,13.3,343.5,339,1
71,141,21,7.3,11.58,57.25,13.2,342.3,340,1
71,141,21,7.3,11.58,57.25,13.2,342.7,340,1
71,141,21,7.3,11.58,57.25,13.4,342.3,339,1
71,141,21,7.3,11.58,57.26,13.2,341.9,339,1
71,141,21,7.3,11.57,57.26,13.2,341.2,339,1
71,141,21,7.3,11.57,57.26,13.4,344.1,339,1
71,141,21,7.3,11.57,57.27,13.4,341.3,339,1
71,141,21,7.3,11.57,57.27,13.3,341.3,338,1
71,141,21,7.3,11.56,57.28,13.4,343.7,338,1
71,141,21,7.3,11.56,57.28,13.2,341.3,339,1
71,141,21,7.3,11.56,57.28,13.2,343.6,339,1
71,141,21,7.3,11.56,57.29,13.3,342.3,339,1
71,141,21,7.3,11.56,57.29,13.2,342.7,339,1
71,141,21,7.3,11.55,57.29,13.3,342.8,338,1
71,141,21,7.3,11.55,57.3,13.2,341.0,338,1
71,141,21,7.3,11.55,57.3,13.2,342.8,338,1
71,141,21,7.3,11.55,57.3,13.3,344.3,338,1
71,141,21,7.3,11.55,57.31,13.2,342.2,338,1
71,141,21,7.3,11.54,57.31,13.3,342.2,337,1
71,141,21,7.3,11.54,57.31,13.3,343.5,337,1
71,141,21,7.3,11.54,57.32,13.3,344.1,338,1
71,141,21,7.3,11.54,57.32,13.2,340.3,338,1
71,141,21,7.3,11.54,57.33,13.4,343.5,338,1
71,141,21,7.3,11.53,57.33,13.5,344.5,338,1
71,141,21,7.3,11.53,57.33,13.5,343.2,337,1
71,141,21,7.3,11.53,57.34,13.5,343.3,337,1
71,141,21,7.3,11.53,57.34,13.6,344.4,337,1
71,141,21,7.3,11.53,57.34,13.6,343.7,337,1
71,141,21,7.3,11.52,57.35,13.7,345.0,337,1
71,141,21,7.3,11.52,57.35,13.6,345.4,338,1
71,141,21,7.3,11.52,57.36,13.5,344.5,338,1
71,141,21,7.3,11.52,57.36,13.5,345.3,337,1
71,141,21,7.3,11.52,57.36,13.4,345.0,337,1
71,141,21,7.3,11.51,57.37,13.2,340.3,333,1
71,141,21,7.3,11.51,57.37,13.2,339.4,334,1
71,141,21,7.3,11.51,57.37,13.1,339.0,334,1
71,141,21,7.3,11.51,57.38,13.1,338.9,334,1
71,141,21,7.3,11.5,57.38,13.0,336.8,333,1
71,141,21,7.3,11.5,57.38,12.9,337.1,333,1
71,141,21,7.3,11.5,57.39,12.9,337.8,332,1
71,141,21,7.3,11.5,57.39,12.8,336.0,333,1
71,141,21,7.3,11.49,57.39,12.9,336.6,333,1
71,141,21,7.3,11.49,57.4,13.0,335.5,333,1
71,141,21,7.3,11.49,57.4,13.1,337.1,333,1
71,141,21,7.3,11.49,57.4,13.0,336.6,333,1
71,141,21,7.3,11.48,57.41,13.0,337.8,334,1
71,141,21,7.3,11.48,57.41,12.9,339.5,333,1
71,141,21,7.3,11.48,57.41,12.9,337.4,333,1
71,141,21,7.3,11.48,57.42,12.9,338.5,334,1
71,141,21,7.3,11.47,57.42,12.9,338.5,334,1
71,141,21,7.3,11.47,57.42,12.9,337.7,334,1
71,141,21,7.3,11.47,57.43,12.9,338.5,333,1
71,141,21,7.3,11.47,57.43,12.8,340.6,334,1
71,141,21,7.3,11.46,57.44,12.6,337.9,333,1
71,141,21,7.3,11.46,57.44,12.6,337.1,334,1
71,141,21,7.3,11.46,57.44,12.7,339.1,334,1
71,141,21,7.3,11.46,57.45,12.7,338.9,334,1
71,141,21,7.3,11.45,57.45,12.7,337.9,333,1
71,141,21,7.3,11.45,57.45,12.6,338.8,333,1
71,141,21,7.3,11.45,57.46,12.5,337.1,333,1
71,141,21,7.3,11.45,57.46,12.6,339.6,333,1
71,141,21,7.3,11.44,57.46,12.6,337.1,330,1
71,141,21,7.3,11.44,57.47,12.5,334.4,328,1
71,141,21,7.3,11.44,57.47,12.4,331.4,322,1
71,141,21,7.3,11.43,57.47,12.0,322.0,312,1
71,141,21,7.3,11.43,57.47,12.1,315.5,311,1
71,141,21,7.3,11.43,57.48,12.1,315.1,310,1
71,141,21,7.3,11.42,57.48,12.1,313.6,311,1
71,141,21,7.3,11.42,57.48,12.3,315.9,311,1
71,141,21,7.3,11.41,57.48,12.3,315.5,310,1
71,141,21,7.3,11.41,57.49,12.3,314.9,311,1
71,141,21,7.3,11.4,57.49,12.3,315.2,310,1
71,141,21,7.3,11.4,57.49,12.3,313.9,310,1
71,141,21,7.3,11.39,57.49,12.2,315.0,311,1
71,141,21,7.3,11.39,57.5,12.1,314.7,310,1
71,141,21,7.3,11.38,57.5,12.1,315.0,311,1
71,141,21,7.3,11.38,57.5,12.2,314.2,311,1
71,141,21,7.3,11.37,57.5,12.3,315.8,311,1
71,141,21,7.3,11.37,57.51,12.2,314.9,310,1
71,141,21,7.3,11.36,57.51,12.1,314.0,310,1
71,141,21,7.3,11.36,57.51,12.1,314.6,310,1
71,141,21,7.3,11.35,57.51,12.1,313.7,309,1
71,141,21,7.3,11.35,57.52,12.1,313.2,310,1
71,141,21,7.3,11.34,57.52,12.1,311.4,310,1
71,141,21,7.3,11.34,57.52,12.1,311.9,310,1
71,141,21,7.3,11.34,57.52,12.2,312.5,310,1
71,141,21,7.3,11.33,57.53,12.3,313.3,310,1
71,141,21,7.3,11.33,57.53,12.1,311.4,309,1
71,141,21,7.3,11.32,57.53,12.3,312.5,310,1
71,141,21,7.3,11.31,57.53,12.3,312.6,310,1
71,141,21,7.3,11.31,57.54,12.4,312.4,309,1
71,141,21,7.3,11.3,57.54,12.4,312.1,309,1
71,141,21,7.3,11.3,57.54,12.3,311.0,310,1
71,141,21,7.3,11.29,57.54,12.3,310.6,310,1
71,141,21,7.3,11.29,57.55,12.2,312.3,309,1
71,141,21,7.3,11.28,57.55,12.3,312.9,310,1
71,141,21,7.3,11.28,57.55,12.2,312.6,309,1
71,141,21,7.3,11.27,57.55,12.2,312.5,309,1
71,141,21,7.3,11.27,57.56,12.1,312.1,310,1
71,141,21,7.3,11.26,57.56,12.0,311.9,310,1
71,141,21,7.3,11.26,57.56,12.1,311.3,310,1
71,141,21,7.3,11.25,57.56,12.1,313.8,311,1
71,141,21,7.3,11.25,57.57,12.1,312.5,310,1
71,141,21,7.3,11.24,57.57,12.2,313.3,311,1
71,141,21,7.3,11.24,57.57,12.3,313.4,311,1
71,141,21,7.3,11.23,57.57,12.2,314.1,311,1
71,141,21,7.3,11.23,57.58,12.2,313.4,311,1
71,141,21,7.3,11.22,57.58,12.1,313.0,311,1
71,141,21,7.3,11.22,57.58,12.2,312.9,311,1
71,141,21,7.3,11.21,57.59,12.1,312.6,310,1
71,141,21,7.3,11.21,57.59,12.0,313.0,311,1
71,141,21,7.3,11.2,57.59,12.0,313.8,310,1
71,141,21,7.3,11.2,57.59,12.0,311.3,311,1
71,141,21,7.3,11.19,57.59,12.1,313.4,311,1
71,141,21,7.3,11.19,57.6,12.2,313.3,311,1
71,141,21,7.3,11.18,57.6,12.2,313.4,311,1
71,141,21,7.3,11.18,57.6,12.2,312.6,311,1
71,141,21,7.3,11.17,57.6,12.2,313.9,311,1
71,141,21,7.3,11.17,57.61,12.3,312.8,311,1
71,141,21,7.3,11.16,57.61,12.3,313.6,311,1
71,141,21,7.3,11.16,57.61,12.3,312.4,311,1
71,141,21,7.3,11.16,57.61,12.3,312.6,311,1
71,141,21,7.3,11.15,57.62,12.3,313.2,311,1
71,141,21,7.3,11.15,57.62,12.3,312.7,311,1
71,141,21,7.3,11.14,57.62,12.4,314.2,310,1
71,141,21,7.3,11.14,57.62,12.2,312.6,311,1
71,141,21,7.3,11.13,57.63,12.3,313.5,311,1
71,141,21,7.3,11.13,57.63,12.4,313.7,311,1
71,141,21,7.3,11.12,57.63,12.3,313.8,310,1
71,141,21,7.3,11.12,57.63,12.4,315.1,311,1
71,141,21,7.3,11.11,57.64,12.5,314.6,311,1
71,141,21,7.3,11.11,57.64,12.5,314.7,312,1
71,141,21,7.3,11.1,57.64,12.7,315.5,311,1
71,141,21,7.3,11.1,57.64,12.6,315.3,311,1
71,141,21,7.3,11.09,57.65,12.7,315.3,311,1
71,141,21,7.3,11.09,57.65,12.5,316.0,312,1
71,141,21,7.3,11.08,57.65,12.5,315.4,312,1
71,141,21,7.3,11.08,57.65,12.5,315.3,312,1
71,141,21,7.3,11.07,57.66,12.4,315.1,311,1
71,141,21,7.3,11.07,57.66,12.5,316.9,312,1
71,141,21,7.3,11.07,57.66,12.4,316.4,312,1
71,141,21,7.3,11.06,57.66,12.5,316.5,311,1
71,141,21,7.3,11.06,57.67,12.4,315.8,311,1
71,141,21,7.3,11.05,57.67,12.5,315.6,312,1
71,141,21,7.3,11.05,57.67,13.2,315.0,312,1
71,141,21,7.3,11.04,57.67,14.5,314.2,312,1
71,141,21,7.3,11.04,57.68,16.0,314.4,312,1
71,141,21,7.3,11.03,57.68,17.0,315.4,312,1
71,141,21,7.3,11.02,57.68,17.4,315.2,312,1
71,141,21,7.3,11.02,57.69,17.7,313.9,312,1
71,141,21,7.3,11.01,57.69,17.5,315.5,312,1
71,141,21,7.3,11.0,57.69,17.6,314.7,312,1
71,141,21,7.3,11.0,57.7,17.8,314.7,311,1
71,141,21,7.3,10.99,57.7,17.7,315.0,312,1
71,141,21,7.3,10.98,57.7,17.7,315.7,312,1
71,141,21,7.3,10.98,57.71,17.8,315.5,312,1
71,141,21,7.3,10.97,57.71,17.8,315.0,312,1
71,141,21,7.3,10.96,57.72,17.5,313.7,311,1
71,141,21,7.3,10.96,57.72,17.5,316.0,312,1
71,141,21,7.3,10.95,57.72,16.8,315.6,311,1
71,141,21,7.3,10.94,57.73,15.8,314.1,311,1
71,141,21,7.3,10.94,57.73,14.8,315.8,311,1
71,141,21,7.3,10.93,57.73,14.3,314.2,312,1
71,141,21,7.3,10.93,57.73,13.8,315.1,311,1
71,141,21,7.3,10.92,57.74,13.8,314.9,311,1
71,141,21,7.3,10.92,57.74,13.6,315.3,311,1
71,141,21,7.3,10.91,57.74,13.5,315.5,311,1
71,141,21,7.3,10.91,57.75,13.6,316.6,311,1
71,141,21,7.3,10.9,57.75,13.5,316.0,311,1
71,141,21,7.3,10.9,57.75,13.4,314.7,312,1
71,141,21,7.3,10.89,57.75,13.4,316.0,312,1
71,141,21,7.3,10.89,57.76,13.6,315.1,311,1
71,141,21,7.3,10.88,57.76,13.4,315.6,312,1
71,141,21,7.3,10.88,57.76,13.4,315.1,312,1
71,141,21,7.3,10.87,57.77,13.3,316.1,311,1
71,141,21,7.3,10.87,57.77,13.3,315.3,312,1
71,141,21,7.3,10.86,57.77,13.1,317.2,312,1
71,141,21,7.3,10.86,57.77,13.2,317.3,312,1
71,141,21,7.3,10.85,57.78,13.0,316.4,312,1
71,141,21,7.3,10.85,57.78,13.0,316.1,312,1
71,141,21,7.3,10.84,57.78,13.1,317.7,312,1
71,141,21,7.3,10.84,57.78,13.1,318.3,312,1
71,141,21,7.3,10.83,57.79,13.0,317.8,312,1
71,141,21,7.3,10.83,57.79,13.2,319.8,312,1
71,141,21,7.3,10.82,57.79,13.0,319.9,311,1
71,141,21,7.3,10.82,57.8,12.9,317.9,311,1
71,141,21,7.3,10.81,57.8,12.5,317.0,312,1
71,141,21,7.3,10.81,57.8,12.3,316.7,312,1
71,141,21,7.3,10.8,57.8,12.4,317.0,311,1
71,141,21,7.3,10.8,57.81,12.3,311.3,308,1
71,141,21,7.3,10.79,57.81,12.0,302.1,287,1
71,141,21,7.3,10.79,57.81,11.6,282.5,281,1
71,141,21,7.3,10.78,57.81,11.7,283.6,281,1
71,141,21,7.3,10.77,57.81,11.8,282.9,281,1
71,141,21,7.3,10.77,57.81,11.7,285.2,285,1
71,141,21,7.3,10.76,57.81,12.0,288.4,285,1
71,141,21,7.3,10.75,57.81,11.8,287.4,285,1
71,141,21,7.3,10.75,57.82,11.8,281.3,277,1
71,141,21,7.3,10.74,57.82,11.9,278.3,277,1
71,141,21,7.3,10.73,57.82,11.8,279.3,278,1
71,141,21,7.3,10.73,57.82,11.9,280.1,278,1
71,141,21,7.3,10.72,57.82,12.1,278.8,278,1
71,141,21,7.3,10.72,57.82,11.9,279.7,278,1
71,141,21,7.3,10.71,57.82,11.9,278.8,274,1
71,141,21,7.3,10.7,57.82,11.8,277.5,268,1
71,141,21,7.3,10.7,57.82,11.7,269.7,269,1
71,141,21,7.3,10.69,57.82,11.8,270.8,269,1
71,141,21,7.3,10.68,57.82,11.8,270.1,268,1
71,141,21,7.3,10.68,57.82,11.9,269.6,269,1
71,141,21,7.3,10.67,57.82,11.8,270.0,269,1
71,141,21,7.3,10.66,57.82,11.9,269.5,268,1
71,141,21,7.3,10.66,57.82,11.9,270.3,269,1
71,141,21,7.3,10.65,57.82,12.0,269.3,269,1
71,141,21,7.3,10.64,57.82,11.8,270.0,269,1
71,141,21,7.3,10.64,57.82,11.8,269.6,268,1
71,141,21,7.3,10.63,57.82,11.8,269.6,269,1
71,141,21,7.3,10.63,57.82,11.8,269.4,269,1
71,141,21,7.3,10.62,57.82,11.8,268.6,269,1
71,141,21,7.3,10.61,57.82,11.7,267.5,269,1
71,141,21,7.3,10.61,57.82,11.9,267.7,269,1
71,141,21,7.3,10.6,57.82,11.8,268.3,269,1
71,141,21,7.3,10.59,57.82,11.9,267.4,269,1
71,141,21,7.3,10.59,57.82,11.9,266.6,268,1
71,141,21,7.3,10.59,57.82,11.9,266.6,268,1
71,141,21,7.3,10.58,57.82,11.8,266.9,269,1
71,141,21,7.3,10.57,57.82,11.9,268.0,269,1
71,141,21,7.3,10.57,57.82,11.8,268.6,268,1
71,141,21,7.3,10.56,57.82,11.7,266.3,268,1
71,141,21,7.3,10.55,57.82,11.8,266.7,269,1
71,141,21,7.3,10.55,57.82,11.7,268.4,269,1
71,141,21,7.3,10.54,57.82,11.9,267.7,268,1
71,141,21,7.3,10.54,57.82,11.8,263.7,268,1
71,141,21,7.3,10.53,57.82,11.8,268.3,269,1
71,141,21,7.3,10.52,57.82,11.7,267.2,268,1
71,141,21,7.3,10.52,57.82,11.8,266.6,268,1
71,141,21,7.3,10.51,57.82,11.7,265.8,269,1
71,141,21,7.3,10.5,57.82,11.7,267.2,269,1
71,141,21,7.3,10.5,57.82,12.0,267.3,269,1
71,141,21,7.3,10.49,57.82,12.0,268.8,269,1
71,141,21,7.3,10.48,57.82,11.6,267.7,269,1
71,141,21,7.3,10.48,57.82,11.8,268.3,269,1
71,141,21,7.3,10.44,57.81,11.9,267.2,267,1
71,141,21,7.3,10.43,57.81,11.5,268.7,267,1
71,141,21,7.3,10.43,57.81,11.8,267.1,268,1
71,141,21,7.3,10.42,57.81,11.6,268.1,268,1
71,141,21,7.3,10.41,57.81,11.4,267.2,267,1
71,141,21,7.3,10.4,57.81,11.6,267.6,267,1
71,141,21,7.3,10.4,57.81,11.8,266.7,268,1
71,141,21,7.3,10.39,57.81,11.1,267.3,267,1
71,141,21,7.3,10.39,57.81,11.6,267.4,268,1
71,141,21,7.3,10.38,57.81,11.9,265.9,267,1
71,141,21,7.3,10.37,57.81,11.9,266.9,267,1
71,141,21,7.3,10.37,57.81,11.9,267.5,267,1
71,141,21,7.3,10.36,57.81,11.6,266.2,268,1
71,141,21,7.3,10.35,57.81,11.9,267.3,268,1
71,141,21,7.3,10.35,57.81,11.9,266.4,268,1
71,141,21,7.3,10.34,57.81,11.8,267.4,268,1
71,141,21,7.3,10.33,57.81,11.8,266.1,268,1
71,141,21,7.3,10.33,57.81,11.7,266.7,268,1
71,141,21,7.3,10.32,57.81,11.9,266.0,268,1
71,141,21,7.3,10.31,57.81,12.0,266.3,268,1
71,141,21,7.3,10.3,57.81,12.0,264.8,267,1
71,141,21,7.3,10.3,57.81,12.0,264.8,267,1
71,141,21,7.3,10.28,57.81,11.9,265.7,268,1
71,141,21,7.3,10.27,57.81,12.0,266.5,268,1
71,141,21,7.3,10.26,57.81,12.0,266.6,267,1
71,141,21,7.3,10.26,57.81,12.0,266.6,267,1
71,141,21,7.3,10.24,57.81,12.0,266.2,267,1
71,141,21,7.3,10.23,57.81,12.2,266.2,268,1
71,141,21,7.3,10.22,57.81,12.3,265.3,268,1
71,141,21,7.3,10.2,57.81,12.2,266.8,268,1
71,141,21,7.3,10.19,57.81,11.9,265.4,267,1
71,141,21,7.3,10.18,57.81,11.9,266.6,268,1
71,141,21,7.3,10.17,57.81,12.0,266.7,267,1
71,141,21,7.3,10.15,57.81,12.3,267.6,268,1
71,141,21,7.3,10.14,57.81,12.3,269.1,268,1
71,141,21,7.3,10.13,57.8,12.3,267.5,267,1
71,141,21,7.3,10.11,57.8,11.8,244.2,241,1
71,141,21,7.3,10.1,57.8,12.2,240.0,240,1
71,141,21,7.3,10.09,57.8,12.0,243.3,245,1
71,141,21,7.3,10.08,57.79,12.2,245.4,246,1
71,141,21,7.3,10.07,57.79,11.9,246.2,246,1
71,141,21,7.3,10.05,57.79,11.9,246.5,245,1
71,141,21,7.3,10.04,57.78,12.5,245.6,246,1
71,141,21,7.3,10.04,57.78,12.5,245.6,246,1
71,141,21,7.3,10.03,57.78,12.0,246.9,246,1
71,141,21,7.3,10.02,57.78,12.4,246.4,246,1
71,141,21,7.3,10.01,57.78,12.1,246.8,246,1
71,141,21,7.3,10.01,57.78,12.1,246.8,246,1
71,141,21,7.3,10.0,57.77,12.5,245.5,245,1
71,141,21,7.3,9.98,57.77,12.2,245.6,245,1
71,141,21,7.3,9.97,57.77,12.3,243.7,242,1
71,141,21,7.3,9.97,57.77,12.3,243.7,242,1
71,141,21,7.3,9.96,57.77,12.3,242.5,242,1
71,141,21,7.3,9.95,57.76,12.1,242.9,243,1
71,141,21,7.3,9.94,57.76,12.3,240.4,241,1
71,141,21,7.3,9.94,57.76,12.3,240.4,241,1
71,141,21,7.3,9.92,57.75,12.4,240.9,240,1
71,141,21,7.3,9.91,57.75,12.1,240.2,241,1
71,141,21,7.3,9.9,57.75,12.3,239.4,241,1
71,141,21,7.3,9.9,57.75,12.3,239.4,241,1
71,141,21,7.3,9.89,57.74,12.3,239.1,241,1
71,141,21,7.3,9.88,57.74,12.2,239.2,240,1
71,141,21,7.3,9.87,57.74,12.4,239.9,241,1
71,141,21,7.3,9.87,57.74,12.4,239.9,241,1
71,141,21,7.3,9.86,57.73,11.8,240.2,241,1
71,141,21,7.3,9.85,57.73,11.2,239.3,241,1
71,141,21,7.3,9.84,57.73,11.3,242.8,241,1
71,141,21,7.3,9.83,57.72,11.7,241.6,242,1
71,141,21,7.3,9.82,57.72,11.6,242.0,241,1
71,141,21,7.3,9.81,57.72,11.1,242.7,241,1
71,141,21,7.3,9.79,57.71,11.3,242.0,242,1
71,141,21,7.3,9.78,57.71,11.6,241.8,241,1
71,141,21,7.3,9.77,57.71,11.4,241.1,241,1
71,141,21,7.3,9.76,57.71,11.2,240.9,241,1
71,141,21,7.3,9.75,57.7,11.4,240.8,241,1
71,141,21,7.3,9.74,57.7,11.4,239.8,242,1
71,141,21,7.3,9.73,57.7,11.7,241.4,241,1
71,141,21,7.3,9.72,57.69,11.5,241.9,241,1
71,141,21,7.3,9.71,57.69,11.5,241.4,241,1
71,141,21,7.3,9.7,57.69,11.9,242.4,241,1
71,141,21,7.3,9.69,57.68,11.7,241.8,240,1
71,141,21,7.3,9.68,57.68,11.6,241.6,241,1
71,141,21,7.3,9.67,57.68,11.6,241.5,240,1
71,141,21,7.3,9.65,57.67,11.4,242.4,241,1
71,141,21,7.3,9.64,57.67,11.3,241.6,240,1
71,141,21,7.3,9.63,57.67,11.0,242.4,240,1
71,141,21,7.3,9.62,57.67,11.3,241.7,240,1
71,141,21,7.3,9.62,57.67,11.3,241.7,240,1
71,141,21,7.3,9.61,57.66,11.3,241.7,240,1
71,141,21,7.3,9.6,57.66,11.4,240.8,241,1
71,141,21,7.3,9.59,57.66,11.4,242.0,241,1
71,141,21,7.3,9.59,57.66,11.4,242.0,241,1
71,141,21,7.3,9.58,57.65,11.6,241.6,241,1
70,110,18,8.2,16.83,56.33,10.9,193.2,193,1
70,110,18,8.2,16.83,56.33,10.9,193.6,194,1
70,110,18,8.2,16.83,56.33,11.0,193.6,194,1
70,110,18,8.2,16.83,56.32,11.0,194.4,194,1
70,110,18,8.2,16.83,56.32,11.0,195.2,193,1
70,110,18,8.2,16.83,56.32,11.0,194.0,194,1
70,110,18,8.2,16.83,56.31,11.0,194.5,193,1
70,110,18,8.2,16.82,56.31,11.0,193.3,193,1
70,110,18,8.2,16.82,56.31,11.0,193.9,194,1
70,110,18,8.2,16.82,56.3,11.1,194.2,194,1
70,110,18,8.2,16.82,56.3,11.0,192.6,193,1
70,110,18,8.2,16.82,56.29,11.0,194.2,194,1
70,110,18,8.2,16.82,56.29,11.1,194.0,194,1
70,110,18,8.2,16.81,56.29,11.1,193.5,194,1
70,110,18,8.2,16.81,56.29,11.0,194.4,193,1
70,110,18,8.2,16.81,56.28,11.0,193.9,194,1
70,110,18,8.2,16.81,56.28,10.9,194.6,194,1
70,110,18,8.2,16.81,56.28,10.9,193.6,194,1
70,110,18,8.2,16.81,56.27,10.9,193.6,194,1
70,110,18,8.2,16.81,56.27,11.0,194.0,194,1
70,110,18,8.2,16.81,56.27,11.0,193.5,194,1
70,110,18,8.2,16.8,56.26,10.9,193.7,194,1
70,110,18,8.2,16.8,56.26,10.9,193.7,194,1
70,110,18,8.2,16.8,56.26,10.9,193.5,193,1
70,110,18,8.2,16.8,56.26,10.9,193.8,194,1
70,110,18,8.2,16.8,56.25,10.8,194.3,194,1
70,110,18,8.2,16.8,56.25,11.0,193.6,194,1
70,110,18,8.2,16.8,56.25,11.0,192.5,193,1
70,110,18,8.2,16.8,56.24,11.0,194.1,194,1
70,110,18,8.2,16.79,56.24,11.0,193.5,193,1
70,110,18,8.2,16.79,56.24,11.0,193.0,193,1
70,110,18,8.2,16.79,56.24,11.0,193.6,193,1
70,110,18,8.2,16.79,56.23,10.9,194.2,194,1
70,110,18,8.2,16.79,56.23,10.9,193.6,194,1
70,110,18,8.2,16.79,56.23,10.9,194.6,194,1
70,110,18,8.2,16.79,56.22,10.9,193.2,194,1
70,110,18,8.2,16.78,56.22,10.9,193.7,193,1
70,110,18,8.2,16.78,56.22,10.9,194.1,193,1
70,110,18,8.2,16.78,56.21,11.0,193.2,194,1
70,110,18,8.2,16.78,56.21,11.0,193.3,193,1
70,110,18,8.2,16.78,56.21,10.9,198.6,199,1
70,110,18,8.2,16.78,56.2,10.7,203.3,206,1
70,110,18,8.2,16.77,56.2,10.7,208.9,209,1
70,110,18,8.2,16.77,56.2,10.9,209.0,209,1
70,110,18,8.2,16.77,56.19,10.7,210.3,210,1
70,110,18,8.2,16.77,56.19,10.8,210.1,209,1
70,110,18,8.2,16.76,56.19,10.9,210.0,209,1
70,110,18,8.2,16.76,56.19,10.8,210.5,210,1
70,110,18,8.2,16.76,56.18,10.8,209.7,209,1
70,110,18,8.2,16.75,56.18,10.9,209.6,209,1
70,110,18,8.2,16.75,56.18,10.9,209.5,210,1
70,110,18,8.2,16.75,56.17,10.8,215.1,215,1
70,110,18,8.2,16.74,56.17,10.6,219.1,222,1
70,110,18,8.2,16.74,56.17,10.6,224.6,225,1
70,110,18,8.2,16.74,56.17,10.7,229.8,229,1
70,110,18,8.2,16.73,56.17,10.7,230.9,229,1
70,110,18,8.2,16.73,56.16,10.9,230.0,229,1
70,110,18,8.2,16.72,56.16,10.8,229.9,229,1
70,110,18,8.2,16.72,56.16,11.0,229.4,230,1
70,110,18,8.2,16.72,56.16,10.9,229.4,228,1
70,110,18,8.2,16.71,56.16,10.9,230.0,230,1
70,110,18,8.2,16.71,56.15,11.0,230.7,230,1
70,110,18,8.2,16.7,56.15,11.1,230.3,229,1
70,110,18,8.2,16.7,56.15,11.1,230.5,229,1
70,110,18,8.2,16.69,56.15,11.1,230.7,230,1
70,110,18,8.2,16.69,56.15,11.1,230.0,229,1
70,110,18,8.2,16.68,56.14,11.1,230.7,230,1
70,110,18,8.2,16.68,56.14,11.2,229.8,230,1
70,110,18,8.2,16.68,56.14,11.1,230.6,229,1
70,110,18,8.2,16.67,56.14,11.1,229.4,230,1
70,110,18,8.2,16.67,56.14,11.1,229.9,230,1
70,110,18,8.2,16.66,56.13,11.2,230.3,229,1
70,110,18,8.2,16.66,56.13,11.2,230.3,230,1
70,110,18,8.2,16.65,56.13,11.1,229.2,229,1
70,110,18,8.2,16.65,56.13,11.1,229.2,232,1
70,110,18,8.2,16.64,56.13,11.0,235.6,235,1
70,110,18,8.2,16.64,56.12,11.0,233.9,234,1
70,110,18,8.2,16.64,56.12,11.0,235.4,235,1
70,110,18,8.2,16.63,56.12,11.0,235.2,235,1
70,110,18,8.2,16.63,56.12,11.0,233.2,234,1
70,110,18,8.2,16.62,56.12,11.1,233.9,234,1
70,110,18,8.2,16.62,56.11,10.9,234.9,235,1
70,110,18,8.2,16.61,56.11,10.9,234.3,235,1
70,110,18,8.2,16.61,56.11,11.0,234.5,235,1
70,110,18,8.2,16.6,56.11,11.0,234.9,234,1
70,110,18,8.2,16.6,56.11,11.0,234.0,234,1
70,110,18,8.2,16.6,56.11,11.0,234.7,235,1
70,110,18,8.2,16.59,56.1,11.0,234.9,235,1
70,110,18,8.2,16.59,56.1,11.0,233.6,235,1
70,110,18,8.2,16.58,56.1,11.0,234.0,235,1
70,110,18,8.2,16.58,56.1,11.0,234.3,235,1
70,110,18,8.2,16.57,56.1,11.1,234.5,235,1
70,110,18,8.2,16.57,56.09,11.2,232.9,234,1
70,110,18,8.2,16.56,56.09,11.2,234.9,234,1
70,110,18,8.2,16.56,56.09,11.2,234.5,234,1
70,110,18,8.2,16.55,56.09,11.1,233.9,235,1
70,110,18,8.2,16.55,56.09,11.2,235.0,234,1
70,110,18,8.2,16.54,56.09,11.1,236.4,237,1
70,110,18,8.2,16.54,56.08,11.2,236.2,236,1
70,110,18,8.2,16.53,56.08,11.2,237.8,239,1
70,110,18,8.2,16.53,56.08,11.4,238.9,239,1
70,110,18,8.2,16.52,56.08,11.3,237.7,239,1
70,110,18,8.2,16.52,56.08,11.4,239.3,239,1
70,110,18,8.2,16.52,56.07,11.4,237.1,238,1
70,110,18,8.2,16.51,56.07,11.4,239.3,237,1
70,110,18,8.2,16.51,56.07,11.3,236.1,238,1
70,110,18,8.2,16.5,56.07,11.3,238.9,239,1
70,110,18,8.2,16.49,56.07,11.4,237.4,239,1
70,110,18,8.2,16.49,56.07,11.4,239.0,238,1
70,110,18,8.2,16.48,56.06,11.3,238.6,239,1
70,110,18,8.2,16.48,56.06,11.4,238.7,239,1
70,110,18,8.2,16.47,56.06,11.3,238.7,239,1
70,110,18,8.2,16.47,56.06,11.3,236.1,237,1
70,110,18,8.2,16.47,56.06,11.3,237.6,239,1
70,110,18,8.2,16.46,56.06,11.3,238.7,240,1
70,110,18,8.2,16.46,56.05,11.3,237.3,238,1
70,110,18,8.2,16.45,56.05,11.3,238.5,239,1
70,110,18,8.2,16.45,56.05,11.2,239.2,239,1
70,110,18,8.2,16.44,56.05,11.3,238.4,238,1
70,110,18,8.2,16.43,56.05,11.3,237.5,238,1
70,110,18,8.2,16.43,56.05,11.3,239.2,238,1
70,110,18,8.2,16.43,56.04,11.3,238.4,238,1
70,110,18,8.2,16.42,56.04,11.4,239.4,239,1
70,110,18,8.2,16.41,56.04,11.3,238.6,239,1
70,110,18,8.2,16.41,56.04,11.3,239.3,237,1
70,110,18,8.2,16.41,56.04,11.3,238.1,237,1
70,110,18,8.2,16.4,56.04,11.2,238.4,238,1
70,110,18,8.2,16.4,56.03,11.2,238.4,238,1
70,110,18,8.2,16.39,56.03,11.1,238.1,238,1
70,110,18,8.2,16.39,56.03,11.1,237.8,238,1
70,110,18,8.2,16.38,56.03,11.0,238.5,238,1
70,110,18,8.2,16.38,56.03,11.0,237.6,237,1
70,110,18,8.2,16.37,56.03,11.0,238.8,238,1
70,110,18,8.2,16.37,56.02,11.1,239.8,240,1
70,110,18,8.2,16.36,56.02,11.0,238.7,238,1
70,110,18,8.2,16.36,56.02,11.0,239.1,239,1
70,110,18,8.2,16.35,56.02,11.0,239.7,238,1
70,110,18,8.2,16.35,56.02,11.0,239.0,239,1
70,110,18,8.2,16.34,56.02,11.0,240.7,240,1
70,110,18,8.2,16.34,56.01,11.0,239.8,239,1
70,110,18,8.2,16.33,56.01,11.0,239.1,239,1
70,110,18,8.2,16.32,56.01,11.0,238.9,238,1
70,110,18,8.2,16.32,56.01,10.9,239.6,238,1
70,110,18,8.2,16.31,56.01,10.9,238.5,238,1
70,110,18,8.2,16.31,56.0,10.9,239.6,239,1
70,110,18,8.2,16.3,56.0,10.9,239.4,239,1
70,110,18,8.2,16.3,56.0,11.0,238.5,238,1
70,110,18,8.2,16.29,56.0,11.0,239.2,239,1
70,110,18,8.2,16.29,56.0,11.0,239.5,239,1
70,110,18,8.2,16.28,56.0,11.0,238.9,238,1
70,110,18,8.2,16.28,55.99,11.0,239.5,239,1
70,110,18,8.2,16.27,55.99,11.0,239.1,239,1
70,110,18,8.2,16.27,55.99,11.0,239.1,238,1
70,110,18,8.2,16.26,55.99,10.9,239.6,237,1
70,110,18,8.2,16.26,55.99,10.7,238.8,239,1
70,110,18,8.2,16.25,55.99,10.8,239.3,239,1
70,110,18,8.2,16.25,55.98,10.9,238.5,239,1
70,110,18,8.2,16.24,55.98,10.9,240.0,239,1
70,110,18,8.2,16.24,55.98,10.9,238.4,238,1
70,110,18,8.2,16.24,55.98,10.9,238.5,238,1
70,110,18,8.2,16.23,55.98,10.9,238.8,239,1
70,110,18,8.2,16.23,55.98,10.9,238.5,238,1
70,110,18,8.2,16.22,55.97,10.9,239.2,239,1
70,110,18,8.2,16.22,55.97,11.0,239.6,238,1
70,110,18,8.2,16.21,55.97,11.0,238.6,238,1
70,110,18,8.2,16.21,55.97,11.0,238.4,238,1
70,110,18,8.2,16.2,55.97,11.0,238.0,238,1
70,110,18,8.2,16.2,55.97,11.0,239.1,238,1
70,110,18,8.2,16.19,55.97,11.0,238.6,239,1
70,110,18,8.2,16.19,55.96,10.9,238.5,239,1
70,110,18,8.2,16.18,55.96,11.0,240.1,239,1
70,110,18,8.2,16.18,55.96,11.0,238.7,238,1
70,110,18,8.2,16.17,55.96,10.9,238.9,239,1
70,110,18,8.2,16.17,55.96,10.9,238.4,238,1
70,110,18,8.2,16.16,55.96,11.0,238.7,239,1
70,110,18,8.2,16.16,55.95,11.0,239.4,239,1
70,110,18,8.2,16.16,55.95,11.0,238.2,238,1
70,110,18,8.2,16.15,55.95,11.0,239.2,238,1
70,110,18,8.2,16.15,55.95,11.0,239.7,238,1
70,110,18,8.2,16.14,55.95,11.0,238.4,238,1
70,110,18,8.2,16.14,55.95,11.1,240.2,239,1
70,110,18,8.2,16.13,55.94,11.0,238.6,239,1
70,110,18,8.2,16.13,55.94,11.0,239.0,238,1
70,110,18,8.2,16.12,55.94,10.9,239.4,239,1
70,110,18,8.2,16.12,55.94,10.9,238.3,238,1
70,110,18,8.2,16.11,55.94,10.8,239.1,238,1
70,110,18,8.2,16.11,55.94,10.9,239.2,239,1
70,110,18,8.2,16.1,55.93,10.9,238.6,238,1
70,110,18,8.2,16.1,55.93,10.9,238.7,239,1
70,110,18,8.2,16.09,55.93,10.9,238.5,239,1
70,110,18,8.2,16.09,55.93,11.0,239.8,239,1
70,110,18,8.2,16.08,55.93,10.9,239.6,239,1
70,110,18,8.2,16.08,55.93,11.0,238.5,238,1
70,110,18,8.2,16.08,55.93,10.9,239.2,239,1
70,110,18,8.2,16.07,55.92,11.0,238.6,238,1
70,110,18,8.2,16.07,55.92,11.0,239.7,239,1
70,110,18,8.2,16.06,55.92,11.1,238.8,239,1
70,110,18,8.2,16.06,55.92,11.0,240.0,239,1
70,110,18,8.2,16.05,55.92,11.0,239.4,239,1
70,110,18,8.2,16.05,55.92,11.1,239.2,239,1
70,110,18,8.2,16.04,55.91,11.1,238.6,239,1
70,110,18,8.2,16.04,55.91,11.1,240.1,238,1
70,110,18,8.2,16.03,55.91,11.1,238.8,239,1
70,110,18,8.2,16.03,55.91,11.0,240.4,239,1
70,110,18,8.2,16.02,55.91,11.0,239.5,239,1
70,110,18,8.2,16.02,55.91,11.0,239.7,239,1
70,110,18,8.2,16.01,55.9,11.1,239.1,238,1
70,110,18,8.2,16.01,55.9,11.1,239.3,238,1
70,110,18,8.2,16.0,55.9,11.2,239.5,239,1
70,110,18,8.2,16.0,55.9,11.2,239.1,238,1
70,110,18,8.2,15.99,55.9,11.2,238.7,239,1
70,110,18,8.2,15.99,55.9,11.2,239.7,239,1
70,110,18,8.2,15.98,55.89,11.1,239.6,238,1
70,110,18,8.2,15.98,55.89,11.1,238.9,239,1
70,110,18,8.2,15.97,55.89,11.1,239.7,239,1
70,110,18,8.2,15.97,55.89,11.2,239.3,238,1
70,110,18,8.2,15.96,55.89,11.2,239.0,238,1
70,110,18,8.2,15.96,55.89,11.2,238.5,238,1
70,110,18,8.2,15.95,55.89,11.2,239.7,239,1
70,110,18,8.2,15.95,55.88,11.2,238.8,239,1
70,110,18,8.2,15.94,55.88,11.0,238.6,238,1
70,110,18,8.2,15.94,55.88,11.0,239.1,239,1
70,110,18,8.2,15.94,55.88,11.0,239.9,239,1
70,110,18,8.2,15.93,55.88,10.9,238.5,239,1
70,110,18,8.2,15.93,55.88,11.0,239.5,239,1
70,110,18,8.2,15.92,55.87,11.0,238.7,239,1
70,110,18,8.2,15.92,55.87,11.0,238.7,239,1
70,110,18,8.2,15.91,55.87,11.0,238.9,238,1
70,110,18,8.2,15.91,55.87,11.1,238.5,239,1
70,110,18,8.2,15.9,55.87,11.0,239.4,239,1
70,110,18,8.2,15.9,55.87,11.1,238.6,238,1
70,110,18,8.2,15.89,55.86,11.1,238.9,238,1
70,110,18,8.2,15.89,55.86,11.1,239.0,239,1
70,110,18,8.2,15.88,55.86,11.1,239.4,239,1
70,110,18,8.2,15.88,55.86,11.1,238.8,239,1
70,110,18,8.2,15.87,55.86,11.1,238.7,239,1
71,151,23,8.3,9.83,39.21,15.8,0.2,1,1
71,151,23,8.3,9.83,39.22,15.9,359.2,1,1
71,151,23,8.3,9.83,39.22,15.8,359.6,1,1
71,151,23,8.3,9.83,39.23,15.8,0.2,1,1
71,151,23,8.3,9.83,39.23,15.9,0.2,1,1
71,151,23,8.3,9.83,39.24,15.7,0.2,1,1
71,151,23,8.3,9.83,39.24,15.8,0.0,1,1
71,151,23,8.3,9.83,39.25,15.9,359.6,1,1
71,151,23,8.3,9.83,39.25,16.0,359.3,1,1
71,151,23,8.3,9.83,39.26,16.1,359.6,1,1
71,151,23,8.3,9.83,39.26,16.0,0.0,1,1
71,151,23,8.3,9.83,39.27,15.9,0.0,1,1
71,151,23,8.3,9.83,39.27,15.8,359.6,1,1
71,151,23,8.3,9.83,39.28,15.9,0.6,1,1
71,151,23,8.3,9.83,39.28,15.8,0.2,1,1
71,151,23,8.3,9.83,39.29,15.8,0.2,1,1
71,151,23,8.3,9.83,39.29,15.8,1.0,1,1
71,151,23,8.3,9.83,39.3,15.5,0.2,1,1
71,151,23,8.3,9.83,39.3,15.6,1.0,1,1
71,151,23,8.3,9.83,39.31,15.8,1.0,1,1
71,151,23,8.3,9.83,39.31,15.8,359.6,1,1
71,151,23,8.3,9.83,39.31,15.8,359.6,1,1
71,151,23,8.3,9.83,39.32,15.8,0.0,1,1
71,151,23,8.3,9.83,39.32,15.9,359.2,1,1
71,151,23,8.3,9.83,39.33,15.7,359.2,1,1
71,151,23,8.3,9.83,39.34,15.5,0.2,1,1
71,151,23,8.3,9.83,39.34,15.6,0.2,1,1
70,107,15,5.3,15.34,54.39,11.6,237.5,236,1
70,107,15,5.3,15.33,54.39,11.6,237.1,236,1
70,107,15,5.3,15.31,54.38,11.6,237.1,236,1
70,107,15,5.3,15.3,54.38,11.5,237.9,237,1
70,107,15,5.3,15.3,54.38,11.5,237.8,237,1
70,107,15,5.3,15.29,54.38,11.6,236.9,236,1
70,107,15,5.3,15.29,54.37,11.5,237.0,236,1
70,107,15,5.3,15.29,54.37,11.6,237.6,236,1
70,107,15,5.3,15.28,54.37,11.5,236.9,236,1
70,107,15,5.3,15.27,54.37,11.5,237.4,236,1
70,107,15,5.3,15.27,54.37,11.5,236.9,236,1
70,107,15,5.3,15.27,54.37,11.5,237.2,236,1
70,107,15,5.3,15.26,54.36,11.5,236.9,236,1
70,107,15,5.3,15.25,54.36,11.5,236.6,236,1
70,107,15,5.3,15.25,54.36,11.4,237.0,236,1
70,107,15,5.3,15.25,54.36,11.4,237.3,236,1
70,107,15,5.3,15.24,54.36,11.5,236.6,236,1
70,107,15,5.3,15.24,54.35,11.5,236.8,236,1
70,107,15,5.3,15.23,54.35,11.5,236.4,236,1
70,107,15,5.3,15.23,54.35,11.4,236.4,236,1
70,107,15,5.3,15.22,54.35,11.5,236.8,236,1
70,107,15,5.3,15.22,54.35,11.4,236.5,236,1
70,107,15,5.3,15.21,54.35,11.5,236.7,236,1
70,107,15,5.3,15.21,54.34,11.6,236.4,236,1
70,107,15,5.3,15.2,54.34,11.5,236.9,236,1
70,107,15,5.3,15.2,54.34,11.6,236.6,236,1
70,107,15,5.3,15.2,54.34,11.6,237.0,236,1
70,107,15,5.3,15.19,54.34,11.5,237.3,238,1
70,107,15,5.3,15.19,54.34,11.5,239.9,238,1
70,107,15,5.3,15.18,54.33,11.5,238.4,238,1
70,110,18,8.2,15.87,55.86,11.2,237.4,238,1
70,110,18,8.2,15.86,55.85,11.1,239.8,239,1
70,110,18,8.2,15.86,55.85,11.1,239.2,239,1
70,110,18,8.2,15.85,55.85,11.1,238.1,238,1
70,110,18,8.2,15.85,55.85,11.1,238.9,239,1
70,110,18,8.2,15.84,55.85,11.0,238.5,238,1
70,110,18,8.2,15.84,55.85,11.0,239.7,239,1
70,110,18,8.2,15.84,55.84,11.0,239.2,239,1
70,110,18,8.2,15.83,55.84,11.0,237.8,238,1
70,110,18,8.2,15.83,55.84,11.0,238.5,239,1
70,110,18,8.2,15.82,55.84,11.0,238.7,239,1
70,110,18,8.2,15.82,55.84,11.0,238.7,239,1
70,110,18,8.2,15.81,55.84,11.0,238.7,239,1
70,110,18,8.2,15.81,55.83,10.9,238.8,239,1
70,110,18,8.2,15.8,55.83,10.9,239.0,239,1
70,110,18,8.2,15.8,55.83,10.9,238.9,239,1
70,110,18,8.2,15.79,55.83,10.9,238.7,239,1
70,110,18,8.2,15.79,55.83,10.9,238.6,239,1
70,110,18,8.2,15.78,55.83,10.9,237.9,239,1
70,110,18,8.2,15.78,55.83,10.9,238.6,238,1
70,110,18,8.2,15.78,55.82,10.8,239.1,239,1
70,110,18,8.2,15.77,55.82,10.9,238.9,239,1
70,110,18,8.2,15.77,55.82,10.9,238.1,238,1
70,110,18,8.2,15.76,55.82,10.8,238.8,239,1
70,110,18,8.2,15.76,55.82,10.8,238.8,239,1
70,110,18,8.2,15.76,55.82,10.8,238.5,239,1
70,110,18,8.2,15.75,55.82,10.7,240.2,240,1
70,110,18,8.2,15.75,55.81,10.7,240.1,240,1
70,110,18,8.2,15.74,55.81,10.8,239.8,240,1
70,110,18,8.2,15.74,55.81,10.8,240.2,240,1
70,110,18,8.2,15.73,55.81,10.8,239.4,239,1
70,110,18,8.2,15.73,55.81,10.8,240.2,239,1
70,110,18,8.2,15.72,55.81,10.8,240.4,239,1
70,110,18,8.2,15.72,55.81,10.8,240.9,240,1
70,110,18,8.2,15.71,55.8,10.9,240.2,239,1
70,110,18,8.2,15.71,55.8,10.8,240.3,240,1
70,110,18,8.2,15.71,55.8,10.7,240.0,240,1
70,110,18,8.2,15.7,55.8,10.7,240.0,240,1
70,110,18,8.2,15.7,55.8,10.9,240.0,240,1
70,110,18,8.2,15.69,55.8,10.9,240.4,239,1
70,110,18,8.2,15.69,55.79,10.9,240.8,240,1
70,110,18,8.2,15.68,55.79,10.9,240.2,239,1
70,110,18,8.2,15.68,55.79,10.9,240.8,240,1
70,110,18,8.2,15.67,55.79,10.8,240.2,240,1
70,110,18,8.2,15.67,55.79,10.8,240.7,240,1
70,110,18,8.2,15.66,55.79,10.8,240.2,240,1
70,110,18,8.2,15.66,55.79,10.9,240.4,240,1
70,110,18,8.2,15.65,55.78,10.8,240.8,240,1
70,110,18,8.2,15.65,55.78,10.8,239.5,239,1
70,110,18,8.2,15.64,55.78,10.8,239.7,240,1
70,110,18,8.2,15.64,55.78,10.8,240.1,240,1
70,110,18,8.2,15.63,55.78,10.7,240.3,240,1
70,110,18,8.2,15.63,55.78,10.8,240.4,240,1
70,110,18,8.2,15.62,55.77,10.8,240.3,240,1
70,110,18,8.2,15.62,55.77,10.7,240.3,240,1
70,110,18,8.2,15.62,55.77,10.8,240.7,238,1
70,110,18,8.2,15.61,55.77,10.9,237.0,237,1
70,110,18,8.2,15.61,55.77,10.7,237.3,237,1
70,110,18,8.2,15.6,55.77,10.8,237.7,237,1
70,107,15,5.3,15.18,54.33,11.5,239.1,238,1
70,107,15,5.3,15.17,54.33,11.6,239.2,238,1
70,107,15,5.3,15.17,54.33,11.6,238.6,238,1
70,107,15,5.3,15.16,54.33,11.6,238.9,238,1
70,107,15,5.3,15.16,54.33,11.5,238.4,238,1
70,107,15,5.3,15.15,54.32,11.6,238.7,238,1
70,107,15,5.3,15.15,54.32,11.6,239.6,238,1
70,107,15,5.3,15.14,54.32,11.6,238.7,238,1
70,107,15,5.3,15.14,54.32,11.4,239.2,238,1
70,107,15,5.3,15.13,54.32,11.6,239.7,238,1
70,107,15,5.3,15.13,54.32,11.6,239.4,238,1
70,107,15,5.3,15.12,54.31,11.6,239.3,238,1
70,107,15,5.3,15.12,54.31,11.6,239.2,238,1
70,107,15,5.3,15.11,54.31,11.6,239.3,238,1
70,107,15,5.3,15.11,54.31,11.6,239.0,238,1
70,107,15,5.3,15.1,54.31,11.6,239.0,238,1
70,107,15,5.3,15.1,54.31,11.6,238.9,238,1
70,107,15,5.3,15.1,54.3,11.6,239.4,238,1
70,107,15,5.3,15.09,54.3,11.6,239.4,238,1
70,107,15,5.3,15.09,54.3,11.6,239.2,238,1
70,107,15,5.3,15.08,54.3,11.6,239.7,238,1
70,107,15,5.3,15.08,54.3,11.6,239.3,238,1
70,107,15,5.3,15.07,54.3,11.6,239.2,238,1
70,107,15,5.3,15.07,54.29,11.7,238.8,237,1
70,107,15,5.3,15.06,54.29,11.7,239.6,238,1
70,107,15,5.3,15.06,54.29,11.7,239.0,238,1
70,107,15,5.3,15.05,54.29,11.6,239.3,239,1
70,107,15,5.3,15.05,54.29,11.7,239.0,238,1
70,107,15,5.3,15.04,54.29,11.7,239.0,238,1
70,107,15,5.3,15.04,54.28,11.7,238.3,238,1
70,107,15,5.3,15.03,54.28,11.7,238.4,237,1
70,107,15,5.3,15.03,54.28,11.6,238.8,238,1
70,107,15,5.3,15.03,54.28,11.7,239.0,238,1
70,107,15,5.3,15.02,54.28,11.6,239.1,238,1
70,107,15,5.3,15.02,54.28,11.6,239.0,238,1
70,107,15,5.3,15.01,54.27,11.6,239.8,239,1
70,107,15,5.3,15.01,54.27,11.7,239.2,238,1
70,107,15,5.3,15.0,54.27,11.7,239.4,238,1
70,107,15,5.3,15.0,54.27,11.7,239.1,238,1
70,107,15,5.3,14.99,54.27,11.6,239.0,238,1
70,107,15,5.3,14.99,54.27,11.6,239.5,238,1
70,107,15,5.3,14.98,54.26,11.6,239.2,238,1
70,107,15,5.3,14.98,54.26,11.6,239.2,238,1
70,107,15,5.3,14.97,54.26,11.6,238.8,238,1
70,107,15,5.3,14.97,54.26,11.6,239.4,238,1
70,107,15,5.3,14.96,54.26,11.6,239.1,238,1
70,107,15,5.3,14.96,54.26,11.6,239.2,238,1
70,107,15,5.3,14.95,54.25,11.6,239.8,238,1
70,107,15,5.3,14.95,54.25,11.6,239.5,238,1
70,107,15,5.3,14.94,54.25,11.6,239.1,239,1
70,107,15,5.3,14.94,54.25,11.6,238.9,238,1
70,107,15,5.3,14.93,54.25,11.6,239.1,238,1
70,107,15,5.3,14.93,54.25,11.6,239.2,239,1
70,107,15,5.3,14.92,54.24,11.6,239.5,238,1
70,107,15,5.3,14.92,54.24,11.6,239.1,238,1
70,107,15,5.3,14.92,54.24,11.6,239.3,238,1
70,107,15,5.3,14.91,54.24,11.6,239.2,238,1
70,110,18,8.2,15.6,55.77,10.8,237.3,236,1
70,110,18,8.2,15.59,55.76,10.7,237.4,237,1
70,110,18,8.2,15.59,55.76,10.7,237.7,236,1
70,110,18,8.2,15.58,55.76,10.7,237.7,236,1
70,110,18,8.2,15.58,55.76,10.7,237.9,237,1
70,110,18,8.2,15.57,55.76,10.6,237.4,236,1
70,110,18,8.2,15.57,55.76,10.6,237.8,237,1
70,110,18,8.2,15.56,55.75,10.6,237.6,236,1
70,110,18,8.2,15.56,55.75,10.7,237.3,236,1
70,110,18,8.2,15.56,55.75,10.7,237.8,236,1
70,110,18,8.2,15.55,55.75,10.7,237.7,237,1
70,110,18,8.2,15.55,55.75,10.7,238.1,236,1
70,110,18,8.2,15.54,55.75,10.7,238.3,237,1
70,110,18,8.2,15.54,55.74,10.7,237.3,236,1
70,110,18,8.2,15.53,55.74,10.7,238.5,236,1
70,110,18,8.2,15.53,55.74,10.7,236.7,236,1
70,110,18,8.2,15.52,55.74,10.8,237.3,237,1
70,110,18,8.2,15.52,55.74,10.8,238.8,237,1
70,110,18,8.2,15.52,55.74,10.8,237.9,237,1
70,110,18,8.2,15.51,55.73,10.8,238.2,237,1
70,110,18,8.2,15.51,55.73,10.8,237.8,238,1
70,110,18,8.2,15.5,55.73,10.8,239.7,239,1
70,110,18,8.2,15.5,55.73,10.7,239.7,238,1
70,110,18,8.2,15.49,55.73,10.7,239.6,239,1
70,110,18,8.2,15.49,55.73,10.8,239.5,239,1
70,110,18,8.2,15.48,55.73,10.7,239.7,239,1
70,110,18,8.2,15.48,55.72,10.7,239.7,239,1
70,110,18,8.2,15.47,55.72,10.7,239.5,238,1
70,110,18,8.2,15.47,55.72,10.7,240.1,239,1
70,110,18,8.2,15.46,55.72,10.7,240.5,239,1
70,110,18,8.2,15.46,55.72,10.7,239.7,239,1
70,110,18,8.2,15.46,55.72,10.8,239.7,238,1
70,110,18,8.2,15.45,55.71,10.9,239.7,239,1
70,110,18,8.2,15.45,55.71,10.8,240.1,238,1
70,110,18,8.2,15.44,55.71,10.8,239.1,239,1
70,110,18,8.2,15.44,55.71,10.9,239.9,239,1
70,110,18,8.2,15.43,55.71,10.9,239.5,238,1
70,110,18,8.2,15.43,55.71,10.9,240.0,239,1
70,110,18,8.2,15.42,55.71,10.9,239.1,239,1
70,110,18,8.2,15.42,55.7,11.0,239.5,238,1
70,110,18,8.2,15.41,55.7,10.9,239.7,239,1
70,110,18,8.2,15.41,55.7,10.7,239.4,239,1
70,110,18,8.2,15.4,55.7,10.6,239.2,239,1
70,110,18,8.2,15.4,55.7,10.7,239.2,238,1
70,110,18,8.2,15.4,55.7,10.9,239.1,238,1
70,110,18,8.2,15.39,55.69,11.0,239.5,239,1
70,110,18,8.2,15.39,55.69,11.0,239.1,238,1
70,110,18,8.2,15.38,55.69,11.0,238.5,238,1
70,110,18,8.2,15.38,55.69,10.9,239.4,239,1
70,110,18,8.2,15.37,55.69,10.9,239.4,239,1
70,110,18,8.2,15.37,55.69,10.9,238.4,238,1
70,110,18,8.2,15.36,55.69,10.9,239.0,239,1
70,110,18,8.2,15.36,55.68,10.9,239.5,239,1
70,110,18,8.2,15.35,55.68,10.9,239.8,239,1
70,110,18,8.2,15.35,55.68,10.9,239.2,238,1
70,110,18,8.2,15.34,55.68,10.9,239.7,239,1
70,110,18,8.2,15.34,55.68,10.9,239.7,239,1
70,110,18,8.2,15.34,55.68,10.8,239.1,238,1
70,110,18,8.2,15.33,55.67,10.9,238.8,238,1
70,107,15,5.3,14.91,54.24,11.6,237.7,237,1
70,107,15,5.3,14.9,54.24,11.6,237.3,236,1
70,107,15,5.3,14.9,54.23,11.6,236.9,236,1
70,107,15,5.3,14.89,54.23,11.6,237.0,236,1
70,107,15,5.3,14.89,54.23,11.6,237.5,236,1
70,107,15,5.3,14.88,54.23,11.6,237.4,236,1
70,107,15,5.3,14.88,54.23,11.6,237.1,236,1
70,107,15,5.3,14.87,54.23,11.6,236.8,236,1
70,107,15,5.3,14.87,54.22,11.6,237.1,236,1
70,107,15,5.3,14.86,54.22,11.6,236.9,236,1
70,107,15,5.3,14.86,54.22,11.6,236.6,236,1
70,107,15,5.3,14.85,54.22,11.6,236.5,236,1
70,107,15,5.3,14.85,54.22,11.5,237.3,236,1
70,107,15,5.3,14.85,54.22,11.5,236.8,236,1
70,107,15,5.3,14.84,54.21,11.5,237.4,236,1
70,107,15,5.3,14.84,54.21,11.5,237.1,236,1
70,107,15,5.3,14.84,54.21,11.5,236.9,236,1
70,107,15,5.3,14.83,54.21,11.5,236.8,236,1
70,107,15,5.3,14.82,54.21,11.6,237.1,236,1
70,107,15,5.3,14.82,54.2,11.5,237.4,236,1
70,107,15,5.3,14.81,54.2,11.6,237.0,236,1
70,107,15,5.3,14.81,54.2,11.5,237.0,236,1
70,107,15,5.3,14.81,54.2,11.6,236.9,236,1
70,107,15,5.3,14.8,54.2,11.6,236.9,236,1
70,107,15,5.3,14.8,54.2,11.6,237.6,236,1
70,107,15,5.3,14.79,54.19,11.6,237.2,236,1
70,107,15,5.3,14.79,54.19,11.6,236.9,236,1
70,107,15,5.3,14.78,54.19,11.7,237.4,237,1
70,107,15,5.3,14.78,54.19,11.6,237.3,236,1
70,107,15,5.3,14.77,54.19,11.6,237.1,236,1
70,107,15,5.3,14.77,54.19,11.6,237.2,237,1
70,107,15,5.3,14.77,54.18,11.6,237.6,236,1
70,107,15,5.3,14.76,54.18,11.6,237.6,236,1
70,107,15,5.3,14.75,54.18,11.6,237.3,236,1
70,107,15,5.3,14.75,54.18,11.6,237.4,236,1
70,107,15,5.3,14.75,54.18,11.6,237.1,236,1
70,107,15,5.3,14.74,54.18,11.6,238.2,236,1
70,107,15,5.3,14.74,54.17,11.6,237.3,235,1
70,107,15,5.3,14.73,54.17,11.6,238.2,237,1
70,107,15,5.3,14.73,54.17,11.6,238.7,237,1
70,107,15,5.3,14.72,54.17,11.6,238.1,236,1
70,107,15,5.3,14.72,54.17,11.6,237.2,235,1
70,107,15,5.3,14.71,54.17,11.7,237.6,236,1
70,107,15,5.3,14.71,54.16,11.7,237.3,236,1
70,107,15,5.3,14.7,54.16,11.7,238.1,236,1
70,107,15,5.3,14.7,54.16,11.6,238.0,236,1
70,107,15,5.3,14.69,54.16,11.6,237.6,236,1
70,107,15,5.3,14.69,54.16,11.7,237.4,236,1
70,107,15,5.3,14.68,54.15,11.6,237.3,236,1
70,107,15,5.3,14.68,54.15,11.6,237.9,236,1
70,107,15,5.3,14.68,54.15,11.6,238.5,236,1
70,107,15,5.3,14.67,54.15,11.6,238.0,236,1
70,107,15,5.3,14.67,54.15,11.6,237.5,236,1
70,107,15,5.3,14.66,54.15,11.7,237.6,236,1
70,107,15,5.3,14.66,54.14,11.6,238.1,237,1
70,107,15,5.3,14.65,54.14,11.7,238.3,236,1
70,107,15,5.3,14.65,54.14,11.6,238.1,237,1
70,107,15,5.3,14.64,54.14,11.5,238.5,236,1
70,107,15,5.3,14.64,54.14,11.5,238.0,237,1
70,107,15,5.3,14.63,54.14,11.6,238.4,236,1
70,107,15,5.3,14.63,54.13,11.5,238.1,236,1
70,107,15,5.3,14.62,54.13,11.4,238.0,237,1
70,107,15,5.3,14.62,54.13,11.5,238.1,236,1
70,107,15,5.3,14.62,54.13,11.5,238.1,236,1
70,107,15,5.3,14.61,54.13,11.6,237.4,236,1
70,107,15,5.3,14.61,54.13,11.6,237.2,236,1
70,107,15,5.3,14.6,54.12,11.5,238.4,236,1
70,107,15,5.3,14.6,54.12,11.6,238.3,236,1
70,107,15,5.3,14.59,54.12,11.5,237.8,236,1
70,107,15,5.3,14.59,54.12,11.5,238.0,236,1
70,107,15,5.3,14.58,54.12,11.5,238.0,236,1
70,107,15,5.3,14.58,54.12,11.4,237.1,236,1
70,107,15,5.3,14.57,54.11,11.5,237.4,235,1
70,107,15,5.3,14.57,54.11,11.6,237.7,236,1
70,107,15,5.3,14.56,54.11,11.5,238.1,236,1
70,107,15,5.3,14.56,54.11,11.5,238.3,236,1
70,107,15,5.3,14.56,54.11,11.4,238.1,237,1
70,107,15,5.3,14.55,54.11,11.6,237.7,236,1
70,107,15,5.3,14.55,54.1,11.6,237.4,236,1
70,107,15,5.3,14.54,54.1,11.6,237.2,236,1
70,107,15,5.3,14.54,54.1,11.6,238.2,236,1
70,107,15,5.3,14.53,54.1,11.5,237.6,236,1
70,107,15,5.3,14.53,54.1,11.4,238.1,236,1
70,107,15,5.3,14.52,54.1,11.5,237.6,237,1
70,107,15,5.3,14.52,54.09,11.4,237.9,236,1
70,107,15,5.3,14.51,54.09,11.5,237.8,236,1
70,107,15,5.3,14.51,54.09,11.5,237.7,236,1
70,107,15,5.3,14.5,54.09,11.5,237.3,236,1
70,107,15,5.3,14.5,54.09,11.5,237.0,236,1
70,107,15,5.3,14.5,54.09,11.6,236.0,235,1
70,107,15,5.3,14.49,54.08,11.6,237.3,236,1
70,107,15,5.3,14.49,54.08,11.6,237.1,236,1
70,107,15,5.3,14.48,54.08,11.5,237.5,237,1
70,107,15,5.3,14.48,54.08,11.5,237.1,237,1
70,107,15,5.3,14.47,54.08,11.5,237.6,236,1
70,107,15,5.3,14.47,54.07,11.4,237.4,236,1
70,107,15,5.3,14.46,54.07,11.4,237.7,236,1
70,107,15,5.3,14.46,54.07,11.4,237.3,236,1
70,107,15,5.3,14.45,54.07,11.4,236.9,236,1
